Workbook

Sheet Análise_aids_60mais
R24: POPULAÇÃO DE HOMENS E MULHERES COM MAIS DE 60 ANOS NO BRASIL ENTRE 2010 - 2024 | W24: % Por casos no Brasil | Z24: Homens_60mais | AG24: Mulheres_60mais
R25: Ano | S25: Homens_60mais | U25: Mulheres_60mais | W25: Homens% | X25: Mulheres% | Z25: Ano | AA25: Norte | AB25: Nordeste | AC25: Sul | AD25: Sudoeste | AE25: Centro Oeste | AG25: Ano | AH25: Norte | AI25: Nordeste | AJ25: Sul | AK25: Sudoeste | AL25: Centro Oeste
R26: 2010 | S26: =SUM(pop_cru_60mais!C7:AF7) -> 9123555 | U26: =SUM(pop_cru_60mais!AH7:BL7) -> 11588556 | W26: =aids_60mais_sexo!B2/Análise_aids_60mais!S26 -> 0.00010083789 | X26: =aids_60mais_sexo!C2/Análise_aids_60mais!U26 -> 5.2724429e-05 | Z26: 2010 | AA26: =SUM(pop_cru_60mais!C22:AG22) -> 543652 | AB26: =SUM(pop_cru_60mais!C37:AG37) -> 2474424 | AC26: =SUM(pop_cru_60mais!C67:AG67) -> 1479353 | AD26: =SUM(pop_cru_60mais!C52:AG52) -> 4180903 | AE26: =SUM(pop_cru_60mais!C82:AG82) -> 601037 | AG26: 2010 | AH26: =SUM(pop_cru_60mais!AH22:BL22) -> 551798 | AI26: =SUM(pop_cru_60mais!AH37:BL37) -> 3056252 | AJ26: =SUM(pop_cru_60mais!AH67:BL67) -> 1852605 | AK26: =SUM(pop_cru_60mais!AH52:BL52) -> 5474763 | AL26: =SUM(pop_cru_60mais!AH82:BL82) -> 653138
R27: 2011 | S27: =SUM(pop_cru_60mais!C8:AF8) -> 9447070 | U27: =SUM(pop_cru_60mais!AH8:BL8) -> 12017352 | W27: =aids_60mais_sexo!B3/Análise_aids_60mais!S27 -> 0.0001104046 | X27: =aids_60mais_sexo!C3/Análise_aids_60mais!U27 -> 5.866517e-05 | Z27: 2011 | AA27: =SUM(pop_cru_60mais!C23:AG23) -> 562414 | AB27: =SUM(pop_cru_60mais!C38:AG38) -> 2524585 | AC27: =SUM(pop_cru_60mais!C68:AG68) -> 1543018 | AD27: =SUM(pop_cru_60mais!C53:AG53) -> 4346681 | AE27: =SUM(pop_cru_60mais!C83:AG83) -> 626263 | AG27: 2011 | AH27: =SUM(pop_cru_60mais!AH23:BL23) -> 573838 | AI27: =SUM(pop_cru_60mais!AH38:BL38) -> 3138753 | AJ27: =SUM(pop_cru_60mais!AH68:BL68) -> 1930365 | AK27: =SUM(pop_cru_60mais!AH53:BL53) -> 5688637 | AL27: =SUM(pop_cru_60mais!AH83:BL83) -> 685759
R28: 2012 | S28: =SUM(pop_cru_60mais!C9:AF9) -> 9780621 | U28: =SUM(pop_cru_60mais!AH9:BL9) -> 12469716 | W28: =aids_60mais_sexo!B4/Análise_aids_60mais!S28 -> 0.00011226281 | X28: =aids_60mais_sexo!C4/Análise_aids_60mais!U28 -> 5.6536973e-05 | Z28: 2012 | AA28: =SUM(pop_cru_60mais!C24:AG24) -> 582704 | AB28: =SUM(pop_cru_60mais!C39:AG39) -> 2577007 | AC28: =SUM(pop_cru_60mais!C69:AG69) -> 1609763 | AD28: =SUM(pop_cru_60mais!C54:AG54) -> 4521838 | AE28: =SUM(pop_cru_60mais!C84:AG84) -> 652952 | AG28: 2012 | AH28: =SUM(pop_cru_60mais!AH24:BL24) -> 597847 | AI28: =SUM(pop_cru_60mais!AH39:BL39) -> 3226134 | AJ28: =SUM(pop_cru_60mais!AH69:BL69) -> 2012219 | AK28: =SUM(pop_cru_60mais!AH54:BL54) -> 5913169 | AL28: =SUM(pop_cru_60mais!AH84:BL84) -> 720347
R29: 2013 | S29: =SUM(pop_cru_60mais!C10:AF10) -> 10127907 | U29: =SUM(pop_cru_60mais!AH10:BL10) -> 12944842 | W29: =aids_60mais_sexo!B5/Análise_aids_60mais!S29 -> 0.00012509988 | X29: =aids_60mais_sexo!C5/Análise_aids_60mais!U29 -> 6.0410162e-05 | Z29: 2013 | AA29: =SUM(pop_cru_60mais!C25:AG25) -> 604443 | AB29: =SUM(pop_cru_60mais!C40:AG40) -> 2632152 | AC29: =SUM(pop_cru_60mais!C70:AG70) -> 1679314 | AD29: =SUM(pop_cru_60mais!C55:AG55) -> 4706164 | AE29: =SUM(pop_cru_60mais!C85:AG85) -> 681045 | AG29: 2013 | AH29: =SUM(pop_cru_60mais!AH25:BL25) -> 623699 | AI29: =SUM(pop_cru_60mais!AH40:BL40) -> 3318086 | AJ29: =SUM(pop_cru_60mais!AH70:BL70) -> 2097873 | AK29: =SUM(pop_cru_60mais!AH55:BL55) -> 6148350 | AL29: =SUM(pop_cru_60mais!AH85:BL85) -> 756834
R30: 2014 | S30: =SUM(pop_cru_60mais!C11:AF11) -> 10492106 | U30: =SUM(pop_cru_60mais!AH11:BL11) -> 13442612 | W30: =aids_60mais_sexo!B6/Análise_aids_60mais!S30 -> 0.00012237772 | X30: =aids_60mais_sexo!C6/Análise_aids_60mais!U30 -> 5.5792728e-05 | Z30: 2014 | AA30: =SUM(pop_cru_60mais!C26:AG26) -> 627509 | AB30: =SUM(pop_cru_60mais!C41:AG41) -> 2691102 | AC30: =SUM(pop_cru_60mais!C71:AG71) -> 1751373 | AD30: =SUM(pop_cru_60mais!C56:AG56) -> 4899752 | AE30: =SUM(pop_cru_60mais!C86:AG86) -> 710484 | AG30: 2014 | AH30: =SUM(pop_cru_60mais!AH26:BL26) -> 651201 | AI30: =SUM(pop_cru_60mais!AH41:BL41) -> 3414733 | AJ30: =SUM(pop_cru_60mais!AH71:BL71) -> 2186997 | AK30: =SUM(pop_cru_60mais!AH56:BL56) -> 6394535 | AL30: =SUM(pop_cru_60mais!AH86:BL86) -> 795146
R31: 2015 | S31: =SUM(pop_cru_60mais!C12:AF12) -> 10874815 | U31: =SUM(pop_cru_60mais!AH12:BL12) -> 13962679 | W31: =aids_60mais_sexo!B7/Análise_aids_60mais!S31 -> 0.00011770315 | X31: =aids_60mais_sexo!C7/Análise_aids_60mais!U31 -> 5.7295595e-05 | Z31: 2015 | AA31: =SUM(pop_cru_60mais!C27:AG27) -> 651815 | AB31: =SUM(pop_cru_60mais!C42:AG42) -> 2754592 | AC31: =SUM(pop_cru_60mais!C72:AG72) -> 1825715 | AD31: =SUM(pop_cru_60mais!C57:AG57) -> 5102325 | AE31: =SUM(pop_cru_60mais!C87:AG87) -> 741226 | AG31: 2015 | AH31: =SUM(pop_cru_60mais!AH27:BL27) -> 680234 | AI31: =SUM(pop_cru_60mais!AH42:BL42) -> 3516211 | AJ31: =SUM(pop_cru_60mais!AH72:BL72) -> 2279350 | AK31: =SUM(pop_cru_60mais!AH57:BL57) -> 6651646 | AL31: =SUM(pop_cru_60mais!AH87:BL87) -> 835238
R32: 2016 | S32: =SUM(pop_cru_60mais!C13:AF13) -> 11275943 | U32: =SUM(pop_cru_60mais!AH13:BL13) -> 14504840 | W32: =aids_60mais_sexo!B8/Análise_aids_60mais!S32 -> 0.00012114286 | X32: =aids_60mais_sexo!C8/Análise_aids_60mais!U32 -> 5.7980646e-05 | Z32: 2016 | AA32: =SUM(pop_cru_60mais!C28:AG28) -> 677476 | AB32: =SUM(pop_cru_60mais!C43:AG43) -> 2822684 | AC32: =SUM(pop_cru_60mais!C73:AG73) -> 1902323 | AD32: =SUM(pop_cru_60mais!C58:AG58) -> 5313757 | AE32: =SUM(pop_cru_60mais!C88:AG88) -> 773369 | AG32: 2016 | AH32: =SUM(pop_cru_60mais!AH28:BL28) -> 710912 | AI32: =SUM(pop_cru_60mais!AH43:BL43) -> 3622614 | AJ32: =SUM(pop_cru_60mais!AH73:BL73) -> 2374842 | AK32: =SUM(pop_cru_60mais!AH58:BL58) -> 6919309 | AL32: =SUM(pop_cru_60mais!AH88:BL88) -> 877163
R33: 2017 | S33: =SUM(pop_cru_60mais!C14:AF14) -> 11695273 | U33: =SUM(pop_cru_60mais!AH14:BL14) -> 15068686 | W33: =aids_60mais_sexo!B9/Análise_aids_60mais!S33 -> 0.00012227162 | X33: =aids_60mais_sexo!C9/Análise_aids_60mais!U33 -> 5.6209281e-05 | Z33: 2017 | AA33: =SUM(pop_cru_60mais!C29:AG29) -> 704614 | AB33: =SUM(pop_cru_60mais!C44:AG44) -> 2895430 | AC33: =SUM(pop_cru_60mais!C74:AG74) -> 1981059 | AD33: =SUM(pop_cru_60mais!C59:AG59) -> 5534100 | AE33: =SUM(pop_cru_60mais!C89:AG89) -> 806983 | AG33: 2017 | AH33: =SUM(pop_cru_60mais!AH29:BL29) -> 743435 | AI33: =SUM(pop_cru_60mais!AH44:BL44) -> 3733896 | AJ33: =SUM(pop_cru_60mais!AH74:BL74) -> 2473197 | AK33: =SUM(pop_cru_60mais!AH59:BL59) -> 7197219 | AL33: =SUM(pop_cru_60mais!AH89:BL89) -> 920939
R34: 2018 | S34: =SUM(pop_cru_60mais!C15:AF15) -> 12131978 | U34: =SUM(pop_cru_60mais!AH15:BL15) -> 15653222 | W34: =aids_60mais_sexo!B10/Análise_aids_60mais!S34 -> 0.00012990462 | X34: =aids_60mais_sexo!C10/Análise_aids_60mais!U34 -> 5.583515e-05 | Z34: 2018 | AA34: =SUM(pop_cru_60mais!C30:AG30) -> 733159 | AB34: =SUM(pop_cru_60mais!C45:AG45) -> 2973310 | AC34: =SUM(pop_cru_60mais!C75:AG75) -> 2062044 | AD34: =SUM(pop_cru_60mais!C60:AG60) -> 5761465 | AE34: =SUM(pop_cru_60mais!C90:AG90) -> 842102 | AG34: 2018 | AH34: =SUM(pop_cru_60mais!AH30:BL30) -> 777701 | AI34: =SUM(pop_cru_60mais!AH45:BL45) -> 3850581 | AJ34: =SUM(pop_cru_60mais!AH75:BL75) -> 2574632 | AK34: =SUM(pop_cru_60mais!AH60:BL60) -> 7483691 | AL34: =SUM(pop_cru_60mais!AH90:BL90) -> 966617
R35: 2019 | S35: =SUM(pop_cru_60mais!C16:AF16) -> 12584821 | U35: =SUM(pop_cru_60mais!AH16:BL16) -> 16257338 | W35: =aids_60mais_sexo!B11/Análise_aids_60mais!S35 -> 0.00012221072 | X35: =aids_60mais_sexo!C11/Análise_aids_60mais!U35 -> 5.5544149e-05 | Z35: 2019 | AA35: =SUM(pop_cru_60mais!C31:AG31) -> 762917 | AB35: =SUM(pop_cru_60mais!C46:AG46) -> 3056995 | AC35: =SUM(pop_cru_60mais!C76:AG76) -> 2145643 | AD35: =SUM(pop_cru_60mais!C61:AG61) -> 5993357 | AE35: =SUM(pop_cru_60mais!C91:AG91) -> 878825 | AG35: 2019 | AH35: =SUM(pop_cru_60mais!AH31:BL31) -> 813347 | AI35: =SUM(pop_cru_60mais!AH46:BL46) -> 3973491 | AJ35: =SUM(pop_cru_60mais!AH76:BL76) -> 2679623 | AK35: =SUM(pop_cru_60mais!AH61:BL61) -> 7776515 | AL35: =SUM(pop_cru_60mais!AH91:BL91) -> 1014362
R36: 2020 | S36: =SUM(pop_cru_60mais!C17:AF17) -> 13052317 | U36: =SUM(pop_cru_60mais!AH17:BL17) -> 16879582 | W36: =aids_60mais_sexo!B12/Análise_aids_60mais!S36 -> 9.4465986e-05 | X36: =aids_60mais_sexo!C12/Análise_aids_60mais!U36 -> 4.2655085e-05 | Z36: 2020 | AA36: =SUM(pop_cru_60mais!C32:AG32) -> 793762 | AB36: =SUM(pop_cru_60mais!C47:AG47) -> 3146760 | AC36: =SUM(pop_cru_60mais!C77:AG77) -> 2231875 | AD36: =SUM(pop_cru_60mais!C62:AG62) -> 6227913 | AE36: =SUM(pop_cru_60mais!C92:AG92) -> 917185 | AG36: 2020 | AH36: =SUM(pop_cru_60mais!AH32:BL32) -> 850231 | AI36: =SUM(pop_cru_60mais!AH47:BL47) -> 4103028 | AJ36: =SUM(pop_cru_60mais!AH77:BL77) -> 2788265 | AK36: =SUM(pop_cru_60mais!AH62:BL62) -> 8073866 | AL36: =SUM(pop_cru_60mais!AH92:BL92) -> 1064192
R37: 2021 | S37: =SUM(pop_cru_60mais!C18:AF18) -> 13533622 | U37: =SUM(pop_cru_60mais!AH18:BL18) -> 17519100 | W37: =aids_60mais_sexo!B13/Análise_aids_60mais!S37 -> 0.00011371679 | X37: =aids_60mais_sexo!C13/Análise_aids_60mais!U37 -> 4.914636e-05 | Z37: 2021 | AA37: =SUM(pop_cru_60mais!C33:AG33) -> 825748 | AB37: =SUM(pop_cru_60mais!C48:AG48) -> 3242490 | AC37: =SUM(pop_cru_60mais!C78:AG78) -> 2320497 | AD37: =SUM(pop_cru_60mais!C63:AG63) -> 6465240 | AE37: =SUM(pop_cru_60mais!C93:AG93) -> 957160 | AG37: 2021 | AH37: =SUM(pop_cru_60mais!AH33:BL33) -> 888380 | AI37: =SUM(pop_cru_60mais!AH48:BL48) -> 4239041 | AJ37: =SUM(pop_cru_60mais!AH78:BL78) -> 2900182 | AK37: =SUM(pop_cru_60mais!AH63:BL63) -> 8375416 | AL37: =SUM(pop_cru_60mais!AH93:BL93) -> 1116081
... R40: 2024 | S40: =SUM(pop_cru_60mais!C21:AF21) -> 15041309 | U40: =SUM(pop_cru_60mais!AH21:BL21) -> 19518950 | W40: =aids_60mais_sexo!B16/Análise_aids_60mais!S40 -> 0.00012332703 | X40: =aids_60mais_sexo!C16/Análise_aids_60mais!U40 -> 5.7175207e-05 | Z40: 2024 | AA40: =SUM(pop_cru_60mais!C36:AG36) -> 929062 | AB40: =SUM(pop_cru_60mais!C51:AG51) -> 3561573 | AC40: =SUM(pop_cru_60mais!C81:AG81) -> 2594909 | AD40: =SUM(pop_cru_60mais!C66:AG66) -> 7188771 | AE40: =SUM(pop_cru_60mais!C96:AG96) -> 1085949 | AG40: 2024 | AH40: =SUM(pop_cru_60mais!AH36:BL36) -> 1011232 | AI40: =SUM(pop_cru_60mais!AH51:BL51) -> 4682670 | AJ40: =SUM(pop_cru_60mais!AH81:BL81) -> 3248241 | AK40: =SUM(pop_cru_60mais!AH66:BL66) -> 9294098 | AL40: =SUM(pop_cru_60mais!AH96:BL96) -> 1282709

Sheet Notas Metodológicas e Fontes
D2: Observações que anotamos ao longo do projeto | F2: Fontes dos dados
D4: 1. Atraso na consolidação dos dados Os dados de 2024 ainda estão sendo consolidados pelo Ministério da Saúde. Casos notificados recentemente podem ainda não ter sido registrados no SINAN, o que significa que o número real de casos pode ser maior do que o apresentado. O próprio sistema avisa "dados sujeitos a revisão". | F4: 1. Casos de AIDS Ministério da Saúde — Sistema de Informação de Agravos de Notificação (SINAN) Acesso via DATASUS/TabNet Disponível em: datasus.saude.gov.br Dados consolidados até 30/09/2025. Página atualizada em 03/12/2025.
D5: 2. Subnotificação estrutural Nem todos os casos de AIDS chegam ao SINAN. Municípios menores e regiões com menor acesso à saúde tendem a ter maior subnotificação. Os números apresentados representam casos registrados, não necessariamente todos os casos existentes. | F5: 2. População brasileira Instituto Brasileiro de Geografia e Estatística (IBGE) Tabela 7358 — População, por sexo e idade Projeção da População — Ano de edição 2018 Disponível em: sidra.ibge.gov.br/Tabela/7358
D6: 3. Recorte etário — uso da Idade Detalhada O SINAN agrupa as faixas etárias em categorias que não coincidem exatamente com "60 anos ou mais". Para garantir o recorte preciso solicitado, foi utilizado o filtro de Idade Detalhada, selecionando individualmente cada ano de idade de 60 até 90 anos ou mais. | F6: 3. Referência epidemiológica Ministério da Saúde — Boletim Epidemiológico HIV/AIDS Departamento de HIV, Aids, Tuberculose, Hepatites Virais e Infecções Sexualmente Transmissíveis (Dathi) Disponível em: gov.br/aids
D7: 4. Casos com sexo ignorado Ao longo do período 2010-2024, 7 casos foram registrados sem informação de sexo na ficha de notificação do SINAN. Esses casos entram no total geral mas não aparecem nas categorias Masculino ou Feminino, gerando pequenas divergências entre os totais.
D8: 5. Casos com região ignorada ou exterior 13 casos no período total foram registrados sem região de residência identificada ou com residência fora do Brasil. Esses casos foram excluídos da análise regional.
D9: 6. Queda em 2020 — impacto da pandemia de COVID-19 A redução observada nos casos em 2020 não representa uma queda real da doença. A pandemia de COVID-19 sobrecarregou os serviços de saúde e reduziu o acesso da população aos serviços de diagnóstico e notificação, gerando subnotificação temporária. A tendência de crescimento foi retomada a partir de 2021.
D10: 7. Dados populacionais — projeções do IBGE Os dados populacionais utilizados para o cálculo das taxas são projeções baseadas no Censo Demográfico de 2022. Os anos anteriores a 2022 são retroprojeções e os anos posteriores são estimativas futuras, não contagens reais da população.

Sheet aids_60mais_estado
A1: UF Residência | B1: 2010 | C1: 2011 | D1: 2012 | E1: 2013 | F1: 2014 | G1: 2015 | H1: 2016 | I1: 2017 | J1: 2018 | K1: 2019 | L1: 2020 | M1: 2021 | N1: 2022 | O1: 2023 | P1: 2024 | Q1: Total
A2: Ignorado/Em Branco | B2: 1 | C2: 5 | D2: 3 | E2: 1 | F2: 0 | G2: 0 | H2: 0 | I2: 2 | J2: 1 | K2: 0 | L2: 0 | M2: 1 | N2: 0 | O2: 0 | P2: 0 | Q2: =SUM(aids_60mais_estado[[#This Row],[2010]:[2024]]) -> 14
A3: São Paulo | B3: 346 | C3: 370 | D3: 336 | E3: 378 | F3: 352 | G3: 380 | H3: 417 | I3: 403 | J3: 451 | K3: 398 | L3: 346 | M3: 392 | N3: 437 | O3: 429 | P3: 469 | Q3: =SUM(aids_60mais_estado[[#This Row],[2010]:[2024]]) -> 5904
A4: Rio Grande do Sul | B4: 209 | C4: 245 | D4: 259 | E4: 289 | F4: 277 | G4: 252 | H4: 275 | I4: 272 | J4: 312 | K4: 299 | L4: 245 | M4: 269 | N4: 309 | O4: 324 | P4: 343 | Q4: =SUM(aids_60mais_estado[[#This Row],[2010]:[2024]]) -> 4179
A5: Rio de Janeiro | B5: 217 | C5: 221 | D5: 231 | E5: 252 | F5: 243 | G5: 255 | H5: 212 | I5: 249 | J5: 222 | K5: 256 | L5: 210 | M5: 254 | N5: 250 | O5: 305 | P5: 280 | Q5: =SUM(aids_60mais_estado[[#This Row],[2010]:[2024]]) -> 3657
A6: Minas Gerais | B6: 148 | C6: 171 | D6: 153 | E6: 190 | F6: 169 | G6: 145 | H6: 168 | I6: 166 | J6: 183 | K6: 186 | L6: 153 | M6: 183 | N6: 183 | O6: 203 | P6: 216 | Q6: =SUM(aids_60mais_estado[[#This Row],[2010]:[2024]]) -> 2617
A7: Paraná | B7: 90 | C7: 97 | D7: 109 | E7: 97 | F7: 99 | G7: 134 | H7: 124 | I7: 122 | J7: 141 | K7: 172 | L7: 126 | M7: 130 | N7: 164 | O7: 158 | P7: 183 | Q7: =SUM(aids_60mais_estado[[#This Row],[2010]:[2024]]) -> 1946
A8: Santa Catarina | B8: 79 | C8: 100 | D8: 108 | E8: 100 | F8: 110 | G8: 162 | H8: 141 | I8: 135 | J8: 148 | K8: 125 | L8: 120 | M8: 152 | N8: 150 | O8: 145 | P8: 142 | Q8: =SUM(aids_60mais_estado[[#This Row],[2010]:[2024]]) -> 1917
A9: Bahia | B9: 56 | C9: 65 | D9: 87 | E9: 101 | F9: 98 | G9: 90 | H9: 112 | I9: 118 | J9: 122 | K9: 145 | L9: 87 | M9: 133 | N9: 133 | O9: 153 | P9: 173 | Q9: =SUM(aids_60mais_estado[[#This Row],[2010]:[2024]]) -> 1673
A10: Pará | B10: 44 | C10: 54 | D10: 63 | E10: 66 | F10: 91 | G10: 106 | H10: 99 | I10: 83 | J10: 141 | K10: 116 | L10: 88 | M10: 126 | N10: 141 | O10: 166 | P10: 165 | Q10: =SUM(aids_60mais_estado[[#This Row],[2010]:[2024]]) -> 1549
A11: Pernambuco | B11: 56 | C11: 56 | D11: 66 | E11: 96 | F11: 74 | G11: 74 | H11: 85 | I11: 109 | J11: 104 | K11: 92 | L11: 83 | M11: 102 | N11: 100 | O11: 107 | P11: 125 | Q11: =SUM(aids_60mais_estado[[#This Row],[2010]:[2024]]) -> 1329
A12: Maranhão | B12: 29 | C12: 49 | D12: 32 | E12: 55 | F12: 66 | G12: 80 | H12: 76 | I12: 73 | J12: 95 | K12: 94 | L12: 68 | M12: 88 | N12: 100 | O12: 118 | P12: 119 | Q12: =SUM(aids_60mais_estado[[#This Row],[2010]:[2024]]) -> 1142
A13: Ceará | B13: 31 | C13: 35 | D13: 49 | E13: 55 | F13: 62 | G13: 52 | H13: 76 | I13: 47 | J13: 76 | K13: 81 | L13: 54 | M13: 56 | N13: 90 | O13: 91 | P13: 127 | Q13: =SUM(aids_60mais_estado[[#This Row],[2010]:[2024]]) -> 982
... A29: Acre | B29: 0 | C29: 4 | D29: 2 | E29: 1 | F29: 3 | G29: 1 | H29: 5 | I29: 6 | J29: 3 | K29: 6 | L29: 3 | M29: 3 | N29: 5 | O29: 7 | P29: 8 | Q29: =SUM(aids_60mais_estado[[#This Row],[2010]:[2024]]) -> 57

Sheet aids_60mais_regiao
A1: Ano Diagnóstico | B1: Região Norte | C1: Região Nordeste | D1: Região Sudeste | E1: Região Sul | F1: Região Centro-Oeste | G1: Ignorado/Exterior | H1: Total
A2: 2010 | B2: 92 | C2: 237 | D2: 739 | E2: 378 | F2: 84 | G2: 1 | H2: 1531
A3: 2011 | B3: 113 | C3: 283 | D3: 794 | E3: 442 | F3: 111 | G3: 5 | H3: 1748
A4: 2012 | B4: 112 | C4: 326 | D4: 767 | E4: 476 | F4: 119 | G4: 3 | H4: 1803
A5: 2013 | B5: 148 | C5: 409 | D5: 865 | E5: 486 | F5: 140 | G5: 1 | H5: 2049
A6: 2014 | B6: 178 | C6: 407 | D6: 817 | E6: 486 | F6: 146 | G6: 0 | H6: 2034
A7: 2015 | B7: 167 | C7: 408 | D7: 835 | E7: 548 | F7: 122 | G7: 0 | H7: 2080
A8: 2016 | B8: 196 | C8: 483 | D8: 841 | E8: 540 | F8: 150 | G8: 0 | H8: 2210
A9: 2017 | B9: 196 | C9: 476 | D9: 875 | E9: 529 | F9: 200 | G9: 2 | H9: 2278
A10: 2018 | B10: 235 | C10: 551 | D10: 908 | E10: 601 | F10: 154 | G10: 1 | H10: 2450
A11: 2019 | B11: 191 | C11: 569 | D11: 899 | E11: 596 | F11: 186 | G11: 0 | H11: 2441
A12: 2020 | B12: 162 | C12: 418 | D12: 754 | E12: 491 | F12: 129 | G12: 0 | H12: 1954
A13: 2021 | B13: 234 | C13: 546 | D13: 883 | E13: 551 | F13: 185 | G13: 0 | H13: 2399
... A16: 2024 | B16: 335 | C16: 716 | D16: 1027 | E16: 668 | F16: 227 | G16: 0 | H16: 2973

Sheet aids_60mais_sexo
A1: Ano Diagnóstico | B1: Masculino | C1: Feminino | D1: Ignorado | E1: Total
A2: 2010 | B2: 920 | C2: 611 | D2: 0 | E2: 1531
A3: 2011 | B3: 1043 | C3: 705 | D3: 0 | E3: 1748
A4: 2012 | B4: 1098 | C4: 705 | D4: 0 | E4: 1803
A5: 2013 | B5: 1267 | C5: 782 | D5: 0 | E5: 2049
A6: 2014 | B6: 1284 | C6: 750 | D6: 0 | E6: 2034
A7: 2015 | B7: 1280 | C7: 800 | D7: 0 | E7: 2080
A8: 2016 | B8: 1366 | C8: 841 | D8: 3 | E8: 2210
A9: 2017 | B9: 1430 | C9: 847 | D9: 1 | E9: 2278
A10: 2018 | B10: 1576 | C10: 874 | D10: 0 | E10: 2450
A11: 2019 | B11: 1538 | C11: 903 | D11: 0 | E11: 2441
A12: 2020 | B12: 1233 | C12: 720 | D12: 1 | E12: 1954
A13: 2021 | B13: 1539 | C13: 861 | D13: 0 | E13: 2400
... A16: 2024 | B16: 1855 | C16: 1116 | D16: 2 | E16: 2973

Sheet aids_60mais_total
A1: Ano Diagnóstico | B1: Freqüência
A2: 2010 | B2: 1531
A3: 2011 | B3: 1748
A4: 2012 | B4: 1803
A5: 2013 | B5: 2049
A6: 2014 | B6: 2034
A7: 2015 | B7: 2080
A8: 2016 | B8: 2210
A9: 2017 | B9: 2278
A10: 2018 | B10: 2450
A11: 2019 | B11: 2441
A12: 2020 | B12: 1954
A13: 2021 | B13: 2400
... A16: 2024 | B16: 2973

Sheet pop_cru_60mais
A1: Tabela 7358 - População, por sexo e idade
A2: Variável - População (Pessoas)
A3: Brasil e Grande Região | B3: Ano | C3: Ano de edição da projeção x Sexo x Idade
C4: 2018
C5: Homens | AH5: Mulheres
C6: 60 anos | D6: 61 anos | E6: 62 anos | F6: 63 anos | G6: 64 anos | H6: 65 anos | I6: 66 anos | J6: 67 anos | K6: 68 anos | L6: 69 anos | M6: 70 anos | N6: 71 anos | O6: 72 anos | P6: 73 anos | Q6: 74 anos | R6: 75 anos | S6: 76 anos | T6: 77 anos | U6: 78 anos | V6: 79 anos | W6: 80 anos | X6: 81 anos | Y6: 82 anos | Z6: 83 anos | AA6: 84 anos | AB6: 85 anos | AC6: 86 anos | AD6: 87 anos | AE6: 88 anos | AF6: 89 anos | AG6: 90 anos ou mais | AH6: 60 anos | AI6: 61 anos | AJ6: 62 anos | AK6: 63 anos | AL6: 64 anos | AM6: 65 anos | AN6: 66 anos | AO6: 67 anos | AP6: 68 anos | AQ6: 69 anos | AR6: 70 anos | AS6: 71 anos | AT6: 72 anos | AU6: 73 anos | AV6: 74 anos | AW6: 75 anos | AX6: 76 anos | AY6: 77 anos | AZ6: 78 anos | BA6: 79 anos | BB6: 80 anos | BC6: 81 anos | BD6: 82 anos | BE6: 83 anos | BF6: 84 anos | BG6: 85 anos | BH6: 86 anos | BI6: 87 anos | BJ6: 88 anos | BK6: 89 anos | BL6: 90 anos ou mais
A7: Brasil | B7: 2010 | C7: 684784 | D7: 651585 | E7: 617610 | F7: 582021 | G7: 545961 | H7: 510943 | I7: 476122 | J7: 445469 | K7: 420954 | L7: 400510 | M7: 380401 | N7: 361702 | O7: 341081 | P7: 316605 | Q7: 290029 | R7: 264908 | S7: 240351 | T7: 218060 | U7: 199182 | V7: 182705 | W7: 166327 | X7: 150333 | Y7: 135007 | Z7: 120199 | AA7: 105762 | AB7: 91548 | AC7: 77412 | AD7: 63209 | AE7: 48783 | AF7: 33992 | AG7: 155814 | AH7: 775412 | AI7: 740045 | AJ7: 703981 | AK7: 666522 | AL7: 628820 | AM7: 592109 | AN7: 555425 | AO7: 523859 | AP7: 499841 | AQ7: 480756 | AR7: 461864 | AS7: 444472 | AT7: 424512 | AU7: 399586 | AV7: 371790 | AW7: 345378 | AX7: 319231 | AY7: 295403 | AZ7: 275263 | BA7: 257509 | BB7: 239258 | BC7: 220819 | BD7: 202484 | BE7: 184031 | BF7: 165224 | BG7: 145834 | BH7: 125634 | BI7: 104386 | BJ7: 81874 | BK7: 57857 | BL7: 299377
B8: 2011 | C8: 707938 | D8: 672582 | E8: 639959 | F8: 606587 | G8: 571626 | H8: 534009 | I8: 497605 | J8: 463693 | K8: 433840 | L8: 409961 | M8: 387498 | N8: 365526 | O8: 347558 | P8: 327749 | Q8: 304232 | R8: 275905 | S8: 249316 | T8: 226208 | U8: 205231 | V8: 187461 | W8: 169576 | X8: 152038 | Y8: 137418 | Z8: 123398 | AA8: 109850 | AB8: 94681 | AC8: 80047 | AD8: 67673 | AE8: 55256 | AF8: 42649 | AG8: 155891 | AH8: 804620 | AI8: 767292 | AJ8: 732303 | AK8: 696614 | AL8: 659537 | AM8: 620449 | AN8: 582497 | AO8: 546402 | AP8: 515341 | AQ8: 491719 | AR8: 470722 | AS8: 450015 | AT8: 433076 | AU8: 413630 | AV8: 389346 | AW8: 359538 | AX8: 331343 | AY8: 306274 | AZ8: 283420 | BA8: 264102 | BB8: 243919 | BC8: 223506 | BD8: 206284 | BE8: 189159 | BF8: 171915 | BG8: 151275 | BH8: 130554 | BI8: 112473 | BJ8: 93451 | BK8: 73301 | BL8: 303275
B9: 2012 | C9: 732605 | D9: 695570 | E9: 660831 | F9: 628763 | G9: 595968 | H9: 559354 | I9: 520341 | J9: 484869 | K9: 451815 | L9: 422729 | M9: 396876 | N9: 372596 | O9: 351473 | P9: 334201 | Q9: 315157 | R9: 289655 | S9: 259925 | T9: 234877 | U9: 213111 | V9: 193354 | W9: 174186 | X9: 155228 | Y9: 139171 | Z9: 125781 | AA9: 112938 | AB9: 98501 | AC9: 82955 | AD9: 70124 | AE9: 59271 | AF9: 48396 | AG9: 163643 | AH9: 835191 | AI9: 796372 | AJ9: 759433 | AK9: 724798 | AL9: 689473 | AM9: 650945 | AN9: 610585 | AO9: 573230 | AP9: 537710 | AQ9: 507135 | AR9: 481653 | AS9: 458879 | AT9: 438701 | AU9: 422189 | AV9: 403230 | AW9: 376748 | AX9: 345198 | AY9: 318142 | AZ9: 294079 | BA9: 272148 | BB9: 250425 | BC9: 228173 | BD9: 209076 | BE9: 192970 | BF9: 176950 | BG9: 157679 | BH9: 135737 | BI9: 117140 | BJ9: 100918 | BK9: 83849 | BL9: 320960
B10: 2013 | C10: 758086 | D10: 720059 | E10: 683657 | F10: 649497 | G10: 617978 | H10: 583416 | I10: 545309 | J10: 507269 | K10: 472691 | L10: 440455 | M10: 409469 | N10: 381866 | O10: 358504 | P10: 338179 | Q10: 321575 | R10: 300294 | S10: 273137 | T10: 245108 | U10: 221487 | V10: 200972 | W10: 179866 | X10: 159654 | Y10: 142276 | Z10: 127558 | AA10: 115277 | AB10: 101433 | AC10: 86474 | AD10: 72812 | AE10: 61540 | AF10: 52009 | AG10: 175211 | AH10: 866117 | AI10: 826807 | AJ10: 788382 | AK10: 751810 | AL10: 717519 | AM10: 680674 | AN10: 640808 | AO10: 601067 | AP10: 564296 | AQ10: 529328 | AR10: 496952 | AS10: 469764 | AT10: 447557 | AU10: 427877 | AV10: 411776 | AW10: 390418 | AX10: 361991 | AY10: 331689 | AZ10: 305698 | BA10: 282590 | BB10: 258314 | BC10: 234561 | BD10: 213721 | BE10: 195838 | BF10: 180752 | BG10: 162570 | BH10: 141790 | BI10: 122058 | BJ10: 105333 | BK10: 90744 | BL10: 346041
B11: 2014 | C11: 784923 | D11: 745357 | E11: 707953 | F11: 672163 | G11: 638567 | H11: 605206 | I11: 569041 | J11: 531868 | K11: 494757 | L11: 461035 | M11: 426873 | N11: 394229 | O11: 367651 | P11: 345167 | Q11: 325598 | R11: 306643 | S11: 283427 | T11: 257798 | U11: 231351 | V11: 209054 | W11: 187152 | X11: 165066 | Y11: 146525 | Z11: 130566 | AA11: 117060 | AB11: 103695 | AC11: 89214 | AD11: 76042 | AE11: 64020 | AF11: 54105 | AG11: 188114 | AH11: 897662 | AI11: 857594 | AJ11: 818675 | AK11: 780628 | AL11: 744414 | AM11: 708539 | AN11: 670284 | AO11: 631020 | AP11: 591885 | AQ11: 555669 | AR11: 518907 | AS11: 484909 | AT11: 458381 | AU11: 436717 | AV11: 417515 | AW11: 398928 | AX11: 375400 | AY11: 348068 | AZ11: 318944 | BA11: 293963 | BB11: 268473 | BC11: 242249 | BD11: 219974 | BE11: 200435 | BF11: 183666 | BG11: 166332 | BH11: 146486 | BI11: 127765 | BJ11: 109986 | BK11: 94909 | BL11: 374235
B12: 2015 | C12: 812330 | D12: 771978 | E12: 733069 | F12: 696268 | G12: 661068 | H12: 625613 | I12: 590571 | J12: 555266 | K12: 518988 | L12: 482772 | M12: 447066 | N12: 411237 | O12: 379787 | P12: 354177 | Q12: 332528 | R12: 310704 | S12: 289675 | T12: 267745 | U12: 243536 | V12: 218556 | W12: 194871 | X12: 171951 | Y12: 151666 | Z12: 134638 | AA12: 119968 | AB12: 105454 | AC12: 91365 | AD12: 78591 | AE12: 66985 | AF12: 56392 | AG12: 200858 | AH12: 929313 | AI12: 889009 | AJ12: 849317 | AK12: 810779 | AL12: 773099 | AM12: 735277 | AN12: 697927 | AO12: 660244 | AP12: 621564 | AQ12: 583018 | AR12: 544933 | AS12: 506565 | AT12: 473368 | AU12: 447477 | AV12: 426327 | AW12: 404721 | AX12: 383843 | AY12: 361212 | AZ12: 334919 | BA12: 306907 | BB12: 279525 | BC12: 252057 | BD12: 227451 | BE12: 206545 | BF12: 188199 | BG12: 169275 | BH12: 150171 | BI12: 132256 | BJ12: 115354 | BK12: 99305 | BL12: 402722
B13: 2016 | C13: 840362 | D13: 799176 | E13: 759472 | F13: 721191 | G13: 684985 | H13: 647900 | I13: 610748 | J13: 576536 | K13: 542061 | L13: 506638 | M13: 468383 | N13: 430951 | O13: 396405 | P13: 366088 | Q13: 341397 | R13: 317538 | S13: 293750 | T13: 273875 | U13: 253148 | V13: 230263 | W13: 203920 | X13: 179240 | Y13: 158168 | Z13: 139516 | AA13: 123851 | AB13: 108229 | AC13: 93074 | AD13: 80627 | AE13: 69350 | AF13: 59101 | AG13: 213666 | AH13: 961194 | AI13: 920516 | AJ13: 880603 | AK13: 841282 | AL13: 803112 | AM13: 763784 | AN13: 724464 | AO13: 687669 | AP13: 650535 | AQ13: 612420 | AR13: 571964 | AS13: 532204 | AT13: 494729 | AU13: 462301 | AV13: 437019 | AW13: 413481 | AX13: 389681 | AY13: 369582 | AZ13: 347797 | BA13: 322486 | BB13: 292077 | BC13: 262717 | BD13: 236917 | BE13: 213799 | BF13: 194160 | BG13: 173704 | BH13: 153116 | BI13: 135837 | BJ13: 119633 | BK13: 104346 | BL13: 431711
B14: 2017 | C14: 869161 | D14: 826986 | E14: 786458 | F14: 747387 | G14: 709715 | H14: 671586 | I14: 632781 | J14: 596485 | K14: 563070 | L14: 529392 | M14: 491775 | N14: 451761 | O14: 415643 | P14: 382324 | Q14: 353078 | R14: 326222 | S14: 300455 | T14: 277948 | U14: 259149 | V14: 239540 | W14: 215042 | X14: 187761 | Y14: 165043 | Z14: 145650 | AA14: 128484 | AB14: 111874 | AC14: 95678 | AD14: 82271 | AE14: 71264 | AF14: 61290 | AG14: 226913 | AH14: 993152 | AI14: 952280 | AJ14: 911984 | AK14: 872437 | AL14: 833482 | AM14: 793617 | AN14: 752762 | AO14: 714003 | AP14: 677747 | AQ14: 641147 | AR14: 601017 | AS14: 558839 | AT14: 519994 | AU14: 483369 | AV14: 451684 | AW14: 424069 | AX14: 398374 | AY14: 375441 | AZ14: 356082 | BA14: 335095 | BB14: 307159 | BC14: 274796 | BD14: 247184 | BE14: 222932 | BF14: 201184 | BG14: 179460 | BH14: 157402 | BI14: 138748 | BJ14: 123091 | BK14: 108411 | BL14: 461744
B15: 2018 | C15: 897323 | D15: 855562 | E15: 814051 | F15: 774162 | G15: 735696 | H15: 696072 | I15: 656180 | J15: 618261 | K15: 582790 | L15: 550137 | M15: 514110 | N15: 474578 | O15: 435962 | P15: 401096 | Q15: 368941 | R15: 337598 | S15: 308904 | T15: 284512 | U15: 263201 | V15: 245407 | W15: 223904 | X15: 198194 | Y15: 173064 | Z15: 152138 | AA15: 134264 | AB15: 116204 | AC15: 99051 | AD15: 84703 | AE15: 72833 | AF15: 63080 | AG15: 240102 | AH15: 1024733 | AI15: 984121 | AJ15: 943622 | AK15: 903688 | AL15: 864512 | AM15: 823808 | AN15: 782364 | AO15: 742091 | AP15: 703884 | AQ15: 668144 | AR15: 629419 | AS15: 587462 | AT15: 546238 | AU15: 508264 | AV15: 472459 | AW15: 438521 | AX15: 408824 | AY15: 384049 | AZ15: 361949 | BA15: 343285 | BB15: 319416 | BC15: 289273 | BD15: 258810 | BE15: 232812 | BF15: 209985 | BG15: 186197 | BH15: 162895 | BI15: 142875 | BJ15: 125943 | BK15: 111736 | BL15: 491843
B16: 2019 | C16: 924629 | D16: 883507 | E16: 842388 | F16: 801531 | G16: 762248 | H16: 721775 | I16: 680363 | J16: 641369 | K16: 604297 | L16: 569622 | M16: 534499 | N16: 496395 | O16: 458216 | P16: 420928 | Q16: 387259 | R16: 352987 | S16: 319912 | T16: 292726 | U16: 269612 | V16: 249421 | W16: 229579 | X16: 206565 | Y16: 182857 | Z16: 159681 | AA16: 140377 | AB16: 121570 | AC16: 103025 | AD16: 87822 | AE16: 75091 | AF16: 64570 | AG16: 252916 | AH16: 1055906 | AI16: 1015569 | AJ16: 975327 | AK16: 935193 | AL16: 895612 | AM16: 854653 | AN16: 812318 | AO16: 771460 | AP16: 731744 | AQ16: 694079 | AR16: 656117 | AS16: 615451 | AT16: 574430 | AU16: 534118 | AV16: 496975 | AW16: 458920 | AX16: 422993 | AY16: 394354 | AZ16: 370460 | BA16: 349151 | BB16: 327472 | BC16: 301098 | BD16: 272697 | BE16: 243994 | BF16: 219495 | BG16: 194575 | BH16: 169281 | BI16: 148101 | BJ16: 129901 | BK16: 114506 | BL16: 521388
B17: 2020 | C17: 950842 | D17: 910596 | E17: 870114 | F17: 829622 | G17: 789389 | H17: 748047 | I17: 705739 | J17: 665238 | K17: 627118 | L17: 590858 | M17: 553665 | N17: 516343 | O17: 479522 | P17: 442634 | Q17: 406614 | R17: 370743 | S17: 334732 | T17: 303366 | U17: 277588 | V17: 255676 | W17: 233524 | X17: 211994 | Y17: 190756 | Z17: 168870 | AA17: 147475 | AB17: 127235 | AC17: 107919 | AD17: 91464 | AE17: 77968 | AF17: 66666 | AG17: 265178 | AH17: 1086195 | AI17: 1046613 | AJ17: 1006636 | AK17: 966750 | AL17: 926971 | AM17: 885558 | AN17: 842930 | AO17: 801170 | AP17: 760876 | AQ17: 721710 | AR17: 681773 | AS17: 641779 | AT17: 602002 | AU17: 561881 | AV17: 522450 | AW17: 482943 | AX17: 442928 | AY17: 408249 | AZ17: 380612 | BA17: 357552 | BB17: 333307 | BC17: 308974 | BD17: 284105 | BE17: 257313 | BF17: 230240 | BG17: 203624 | BH17: 177160 | BI17: 154143 | BJ17: 134861 | BK17: 118290 | BL17: 549987
B18: 2021 | C18: 977405 | D18: 936628 | E18: 896984 | F18: 857122 | G18: 817240 | H18: 774896 | I18: 731671 | J18: 690289 | K18: 650675 | L18: 613387 | M18: 574544 | N18: 535113 | O18: 499030 | P18: 463438 | Q18: 427785 | R18: 389500 | S18: 351814 | T18: 317640 | U18: 287871 | V18: 263410 | W18: 239559 | X18: 215832 | Y18: 195947 | Z18: 176321 | AA18: 156099 | AB18: 133804 | AC18: 113080 | AD18: 95925 | AE18: 81304 | AF18: 69309 | AG18: 277513 | AH18: 1116174 | AI18: 1076777 | AJ18: 1037550 | AK18: 997917 | AL18: 958378 | AM18: 916729 | AN18: 873594 | AO18: 831542 | AP18: 790349 | AQ18: 750601 | AR18: 709101 | AS18: 667096 | AT18: 627959 | AU18: 589046 | AV18: 549789 | AW18: 507920 | AX18: 466368 | AY18: 427722 | AZ18: 394227 | BA18: 367546 | BB18: 341562 | BC18: 314760 | BD18: 291789 | BE18: 268307 | BF18: 243015 | BG18: 213824 | BH18: 185660 | BI18: 161546 | BJ18: 140565 | BK18: 122989 | BL18: 578698
B19: 2022 | C19: 1004443 | D19: 962988 | E19: 922825 | F19: 883774 | G19: 844506 | H19: 802452 | I19: 758170 | J19: 715876 | K19: 675396 | L19: 636641 | M19: 596682 | N19: 555543 | O19: 517410 | P19: 482512 | Q19: 448096 | R19: 410008 | S19: 369857 | T19: 334071 | U19: 301611 | V19: 273348 | W19: 246981 | X19: 221599 | Y19: 199663 | Z19: 181272 | AA19: 163126 | AB19: 141767 | AC19: 119050 | AD19: 100627 | AE19: 85367 | AF19: 72367 | AG19: 290381 | AH19: 1146287 | AI19: 1106637 | AJ19: 1067587 | AK19: 1028702 | AL19: 989407 | AM19: 947939 | AN19: 904529 | AO19: 861969 | AP19: 820479 | AQ19: 779837 | AR19: 737674 | AS19: 694046 | AT19: 652940 | AU19: 614634 | AV19: 576554 | AW19: 534718 | AX19: 490738 | AY19: 450585 | AZ19: 413247 | BA19: 380887 | BB19: 351339 | BC19: 322827 | BD19: 297501 | BE19: 275792 | BF19: 253606 | BG19: 225927 | BH19: 195227 | BI19: 169517 | BJ19: 147518 | BK19: 128364 | BL19: 608342
... B21: 2024 | C21: 1050259 | D21: 1014201 | E21: 975612 | F21: 935371 | G21: 896378 | H21: 855594 | I21: 811994 | J21: 768873 | K21: 726449 | L21: 685934 | M21: 643480 | N21: 599543 | O21: 558576 | P21: 520056 | Q21: 484351 | R21: 447812 | S21: 408525 | T21: 370388 | U21: 334107 | V21: 301776 | W21: 269074 | X21: 237634 | Y21: 211849 | Z21: 190100 | AA21: 171299 | AB21: 152711 | AC21: 132223 | AD21: 112598 | AE21: 94583 | AF21: 79959 | AG21: 318955 | AH21: 1193970 | AI21: 1162947 | AJ21: 1127197 | AK21: 1088224 | AL21: 1049829 | AM21: 1009255 | AN21: 966121 | AO21: 923403 | AP21: 881117 | AQ21: 839671 | AR21: 796161 | AS21: 750748 | AT21: 707305 | AU21: 665469 | AV21: 626080 | AW21: 585718 | AX21: 542510 | AY21: 499868 | AZ21: 458751 | BA21: 421218 | BB21: 382308 | BC21: 344888 | BD21: 314597 | BE21: 289084 | BF21: 266418 | BG21: 243024 | BH21: 216020 | BI21: 189061 | BJ21: 163391 | BK21: 141889 | BL21: 672708
A22: Norte | B22: 2010 | C22: 41262 | D22: 38679 | E22: 36337 | F22: 34327 | G22: 32553 | H22: 30827 | I22: 29190 | J22: 27547 | K22: 25835 | L22: 24100 | M22: 22455 | N22: 20876 | O22: 19350 | P22: 17883 | Q22: 16470 | R22: 15111 | S22: 13805 | T22: 12553 | U22: 11355 | V22: 10212 | W22: 9128 | X22: 8105 | Y22: 7142 | Z22: 6243 | AA22: 5407 | AB22: 4635 | AC22: 3931 | AD22: 3293 | AE22: 2725 | AF22: 2227 | AG22: 10089 | AH22: 39973 | AI22: 37335 | AJ22: 35007 | AK22: 33122 | AL22: 31547 | AM22: 30006 | AN22: 28557 | AO22: 27088 | AP22: 25517 | AQ22: 23900 | AR22: 22380 | AS22: 20928 | AT22: 19516 | AU22: 18136 | AV22: 16795 | AW22: 15501 | AX22: 14247 | AY22: 13058 | AZ22: 11941 | BA22: 10889 | BB22: 9878 | BC22: 8917 | BD22: 8000 | BE22: 7134 | BF22: 6310 | BG22: 5531 | BH22: 4796 | BI22: 4099 | BJ22: 3445 | BK22: 2829 | BL22: 15416
B23: 2011 | C23: 43172 | D23: 40448 | E23: 37912 | F23: 35618 | G23: 33648 | H23: 31772 | I23: 29942 | J23: 28357 | K23: 26758 | L23: 25096 | M23: 23209 | N23: 21436 | O23: 19928 | P23: 18471 | Q23: 17070 | R23: 15569 | S23: 14137 | T23: 12915 | U23: 11745 | V23: 10621 | W23: 9407 | X23: 8263 | Y23: 7338 | Z23: 6467 | AA23: 5653 | AB23: 4791 | AC23: 4003 | AD23: 3395 | AE23: 2844 | AF23: 2356 | AG23: 10073 | AH23: 42146 | AI23: 39417 | AJ23: 36818 | AK23: 34521 | AL23: 32659 | AM23: 31015 | AN23: 29413 | AO23: 27993 | AP23: 26554 | AQ23: 25015 | AR23: 23287 | AS23: 21667 | AT23: 20266 | AU23: 18896 | AV23: 17557 | AW23: 16123 | AX23: 14748 | AY23: 13556 | AZ23: 12424 | BA23: 11361 | BB23: 10219 | BC23: 9139 | BD23: 8250 | BE23: 7405 | BF23: 6606 | BG23: 5734 | BH23: 4924 | BI23: 4269 | BJ23: 3650 | BK23: 3067 | BL23: 15139
B24: 2012 | C24: 45245 | D24: 42325 | E24: 39656 | F24: 37169 | G24: 34921 | H24: 32844 | I24: 30872 | J24: 29095 | K24: 27553 | L24: 26001 | M24: 24181 | N24: 22162 | O24: 20473 | P24: 19030 | Q24: 17640 | R24: 16144 | S24: 14576 | T24: 13232 | U24: 12089 | V24: 10996 | W24: 9786 | X24: 8523 | Y24: 7487 | Z24: 6652 | AA24: 5860 | AB24: 5013 | AC24: 4141 | AD24: 3465 | AE24: 2932 | AF24: 2463 | AG24: 10178 | AH24: 44445 | AI24: 41572 | AJ24: 38882 | AK24: 36314 | AL24: 34049 | AM24: 32121 | AN24: 30411 | AO24: 28842 | AP24: 27449 | AQ24: 26041 | AR24: 24382 | AS24: 22561 | AT24: 20991 | AU24: 19634 | AV24: 18304 | AW24: 16867 | AX24: 15350 | AY24: 14045 | AZ24: 12908 | BA24: 11833 | BB24: 10673 | BC24: 9465 | BD24: 8465 | BE24: 7645 | BF24: 6865 | BG24: 6012 | BH24: 5116 | BI24: 4391 | BJ24: 3807 | BK24: 3255 | BL24: 15152
B25: 2013 | C25: 47296 | D25: 44368 | E25: 41504 | F25: 38886 | G25: 36448 | H25: 34097 | I25: 31923 | J25: 30005 | K25: 28279 | L25: 26779 | M25: 25063 | N25: 23102 | O25: 21176 | P25: 19557 | Q25: 18182 | R25: 16693 | S25: 15120 | T25: 13654 | U25: 12392 | V25: 11324 | W25: 10141 | X25: 8871 | Y25: 7729 | Z25: 6790 | AA25: 6034 | AB25: 5200 | AC25: 4341 | AD25: 3586 | AE25: 2998 | AF25: 2541 | AG25: 10364 | AH25: 46703 | AI25: 43852 | AJ25: 41015 | AK25: 38361 | AL25: 35827 | AM25: 33497 | AN25: 31507 | AO25: 29830 | AP25: 28292 | AQ25: 26927 | AR25: 25395 | AS25: 23633 | AT25: 21868 | AU25: 20347 | AV25: 19030 | AW25: 17596 | AX25: 16072 | AY25: 14628 | AZ25: 13386 | BA25: 12301 | BB25: 11128 | BC25: 9896 | BD25: 8778 | BE25: 7854 | BF25: 7096 | BG25: 6256 | BH25: 5372 | BI25: 4572 | BJ25: 3923 | BK25: 3401 | BL25: 15356
B26: 2014 | C26: 49276 | D26: 46390 | E26: 43513 | F26: 40707 | G26: 38139 | H26: 35595 | I26: 33152 | J26: 31037 | K26: 29169 | L26: 27494 | M26: 25819 | N26: 23957 | O26: 22082 | P26: 20240 | Q26: 18692 | R26: 17214 | S26: 15643 | T26: 14170 | U26: 12797 | V26: 11611 | W26: 10451 | X26: 9202 | Y26: 8051 | Z26: 7016 | AA26: 6162 | AB26: 5361 | AC26: 4506 | AD26: 3765 | AE26: 3107 | AF26: 2598 | AG26: 10593 | AH26: 48832 | AI26: 46090 | AJ26: 43277 | AK26: 40477 | AL26: 37855 | AM26: 35254 | AN26: 32867 | AO26: 30916 | AP26: 29270 | AQ26: 27762 | AR26: 26269 | AS26: 24625 | AT26: 22920 | AU26: 21208 | AV26: 19732 | AW26: 18304 | AX26: 16782 | AY26: 15327 | AZ26: 13951 | BA26: 12768 | BB26: 11579 | BC26: 10332 | BD26: 9186 | BE26: 8151 | BF26: 7299 | BG26: 6476 | BH26: 5599 | BI26: 4808 | BJ26: 4093 | BK26: 3511 | BL26: 15681
B27: 2015 | C27: 51208 | D27: 48337 | E27: 45509 | F27: 42685 | G27: 39934 | H27: 37254 | I27: 34618 | J27: 32240 | K27: 30183 | L27: 28366 | M27: 26517 | N27: 24691 | O27: 22908 | P27: 21112 | Q27: 19353 | R27: 17705 | S27: 16143 | T27: 14668 | U27: 13288 | V27: 11998 | W27: 10720 | X27: 9491 | Y27: 8357 | Z27: 7313 | AA27: 6375 | AB27: 5477 | AC27: 4654 | AD27: 3909 | AE27: 3267 | AF27: 2695 | AG27: 10840 | AH27: 50882 | AI27: 48206 | AJ27: 45495 | AK27: 42720 | AL27: 39955 | AM27: 37261 | AN27: 34600 | AO27: 32258 | AP27: 30345 | AQ27: 28732 | AR27: 27094 | AS27: 25488 | AT27: 23894 | AU27: 22239 | AV27: 20577 | AW27: 18992 | AX27: 17468 | AY27: 16017 | AZ27: 14628 | BA27: 13315 | BB27: 12030 | BC27: 10762 | BD27: 9603 | BE27: 8540 | BF27: 7581 | BG27: 6671 | BH27: 5804 | BI27: 5021 | BJ27: 4309 | BK27: 3672 | BL27: 16075
B28: 2016 | C28: 53289 | D28: 50245 | E28: 47428 | F28: 44652 | G28: 41881 | H28: 39018 | I28: 36241 | J28: 33676 | K28: 31362 | L28: 29360 | M28: 27370 | N28: 25366 | O28: 23619 | P28: 21913 | Q28: 20196 | R28: 18340 | S28: 16609 | T28: 15143 | U28: 13765 | V28: 12466 | W28: 11085 | X28: 9743 | Y28: 8625 | Z28: 7594 | AA28: 6649 | AB28: 5674 | AC28: 4757 | AD28: 4045 | AE28: 3394 | AF28: 2838 | AG28: 11133 | AH28: 53089 | AI28: 50239 | AJ28: 47600 | AK28: 44920 | AL28: 42183 | AM28: 39339 | AN28: 36581 | AO28: 33972 | AP28: 31671 | AQ28: 29793 | AR28: 28053 | AS28: 26300 | AT28: 24745 | AU28: 23195 | AV28: 21588 | AW28: 19818 | AX28: 18138 | AY28: 16683 | AZ28: 15300 | BA28: 13972 | BB28: 12554 | BC28: 11192 | BD28: 10015 | BE28: 8936 | BF28: 7951 | BG28: 6937 | BH28: 5987 | BI28: 5212 | BJ28: 4508 | BK28: 3870 | BL28: 16571
B29: 2017 | C29: 55506 | D29: 52302 | E29: 49314 | F29: 46548 | G29: 43827 | H29: 40934 | I29: 37970 | J29: 35267 | K29: 32773 | L29: 30519 | M29: 28338 | N29: 26192 | O29: 24274 | P29: 22602 | Q29: 20971 | R29: 19148 | S29: 17213 | T29: 15592 | U29: 14217 | V29: 12921 | W29: 11526 | X29: 10080 | Y29: 8862 | Z29: 7843 | AA29: 6910 | AB29: 5921 | AC29: 4935 | AD29: 4137 | AE29: 3518 | AF29: 2952 | AG29: 11502 | AH29: 55446 | AI29: 52443 | AJ29: 49630 | AK29: 47020 | AL29: 44377 | AM29: 41550 | AN29: 38640 | AO29: 35927 | AP29: 33372 | AQ29: 31113 | AR29: 29102 | AS29: 27250 | AT29: 25549 | AU29: 24037 | AV29: 22534 | AW29: 20802 | AX29: 18943 | AY29: 17337 | AZ29: 15945 | BA29: 14624 | BB29: 13187 | BC29: 11694 | BD29: 10422 | BE29: 9332 | BF29: 8327 | BG29: 7287 | BH29: 6236 | BI29: 5382 | BJ29: 4684 | BK29: 4056 | BL29: 17187
B30: 2018 | C30: 57708 | D30: 54492 | E30: 51347 | F30: 48415 | G30: 45701 | H30: 42850 | I30: 39848 | J30: 36965 | K30: 34334 | L30: 31903 | M30: 29470 | N30: 27129 | O30: 25075 | P30: 23239 | Q30: 21636 | R30: 19893 | S30: 17982 | T30: 16167 | U30: 14645 | V30: 13355 | W30: 11953 | X30: 10489 | Y30: 9174 | Z30: 8066 | AA30: 7139 | AB30: 6159 | AC30: 5154 | AD30: 4297 | AE30: 3602 | AF30: 3063 | AG30: 11909 | AH30: 57751 | AI30: 54795 | AJ30: 51829 | AK30: 49048 | AL30: 46474 | AM30: 43732 | AN30: 40826 | AO30: 37972 | AP30: 35304 | AQ30: 32798 | AR30: 30410 | AS30: 28286 | AT30: 26488 | AU30: 24836 | AV30: 23365 | AW30: 21732 | AX30: 19897 | AY30: 18118 | AZ30: 16582 | BA30: 15252 | BB30: 13815 | BC30: 12294 | BD30: 10907 | BE30: 9718 | BF30: 8706 | BG30: 7639 | BH30: 6561 | BI30: 5614 | BJ30: 4846 | BK30: 4217 | BL30: 17889
B31: 2019 | C31: 59819 | D31: 56664 | E31: 53507 | F31: 50419 | G31: 47540 | H31: 44690 | I31: 41726 | J31: 38801 | K31: 35994 | L31: 33432 | M31: 30815 | N31: 28224 | O31: 25981 | P31: 24015 | Q31: 22256 | R31: 20529 | S31: 18692 | T31: 16899 | U31: 15192 | V31: 13761 | W31: 12363 | X31: 10884 | Y31: 9552 | Z31: 8356 | AA31: 7347 | AB31: 6368 | AC31: 5368 | AD31: 4494 | AE31: 3742 | AF31: 3140 | AG31: 12347 | AH31: 59891 | AI31: 57082 | AJ31: 54161 | AK31: 51232 | AL31: 48480 | AM31: 45812 | AN31: 42979 | AO31: 40128 | AP31: 37324 | AQ31: 34701 | AR31: 32068 | AS31: 29567 | AT31: 27506 | AU31: 25758 | AV31: 24152 | AW31: 22545 | AX31: 20798 | AY31: 19043 | AZ31: 17339 | BA31: 15871 | BB31: 14420 | BC31: 12891 | BD31: 11471 | BE31: 10184 | BF31: 9073 | BG31: 7996 | BH31: 6886 | BI31: 5914 | BJ31: 5063 | BK31: 4370 | BL31: 18642
B32: 2020 | C32: 61871 | D32: 58742 | E32: 55645 | F32: 52546 | G32: 49512 | H32: 46497 | I32: 43523 | J32: 40638 | K32: 37791 | L32: 35055 | M32: 32299 | N32: 29524 | O32: 27041 | P32: 24889 | Q32: 23011 | R32: 21127 | S32: 19297 | T32: 17572 | U32: 15886 | V32: 14282 | W32: 12747 | X32: 11264 | Y32: 9919 | Z32: 8704 | AA32: 7619 | AB32: 6557 | AC32: 5555 | AD32: 4684 | AE32: 3920 | AF32: 3263 | AG32: 12782 | AH32: 61985 | AI32: 59203 | AJ32: 56426 | AK32: 53537 | AL32: 50645 | AM32: 47790 | AN32: 45035 | AO32: 42247 | AP32: 39447 | AQ32: 36693 | AR32: 33934 | AS32: 31188 | AT32: 28758 | AU32: 26755 | AV32: 25055 | AW32: 23314 | AX32: 21589 | AY32: 19915 | AZ32: 18238 | BA32: 16603 | BB32: 15014 | BC32: 13467 | BD32: 12040 | BE32: 10718 | BF32: 9517 | BG32: 8340 | BH32: 7217 | BI32: 6216 | BJ32: 5340 | BK32: 4571 | BL32: 19434
B33: 2021 | C33: 64017 | D33: 60765 | E33: 57691 | F33: 54652 | G33: 51607 | H33: 48431 | I33: 45292 | J33: 42397 | K33: 39586 | L33: 36811 | M33: 33877 | N33: 30958 | O33: 28297 | P33: 25915 | Q33: 23854 | R33: 21854 | S33: 19869 | T33: 18148 | U33: 16527 | V33: 14940 | W33: 13235 | X33: 11623 | Y33: 10272 | Z33: 9045 | AA33: 7940 | AB33: 6808 | AC33: 5723 | AD33: 4850 | AE33: 4089 | AF33: 3423 | AG33: 13252 | AH33: 64152 | AI33: 61276 | AJ33: 58527 | AK33: 55779 | AL33: 52925 | AM33: 49931 | AN33: 46983 | AO33: 44275 | AP33: 41538 | AQ33: 38785 | AR33: 35886 | AS33: 33015 | AT33: 30342 | AU33: 27979 | AV33: 26032 | AW33: 24195 | AX33: 22338 | AY33: 20686 | AZ33: 19078 | BA33: 17475 | BB33: 15717 | BC33: 14033 | BD33: 12590 | BE33: 11255 | BF33: 10024 | BG33: 8757 | BH33: 7537 | BI33: 6522 | BJ33: 5619 | BK33: 4826 | BL33: 20303
B34: 2022 | C34: 66218 | D34: 62879 | E34: 59686 | F34: 56668 | G34: 53679 | H34: 50488 | I34: 47185 | J34: 44127 | K34: 41307 | L34: 38569 | M34: 35583 | N34: 32480 | O34: 29683 | P34: 27128 | Q34: 24847 | R34: 22664 | S34: 20562 | T34: 18694 | U34: 17075 | V34: 15550 | W34: 13851 | X34: 12076 | Y34: 10608 | Z34: 9373 | AA34: 8254 | AB34: 7101 | AC34: 5948 | AD34: 5002 | AE34: 4237 | AF34: 3574 | AG34: 13783 | AH34: 66403 | AI34: 63424 | AJ34: 60580 | AK34: 57861 | AL34: 55147 | AM34: 52182 | AN34: 49095 | AO34: 46195 | AP34: 43538 | AQ34: 40847 | AR34: 37942 | AS34: 34921 | AT34: 32130 | AU34: 29528 | AV34: 27228 | AW34: 25148 | AX34: 23191 | AY34: 21412 | AZ34: 19830 | BA34: 18290 | BB34: 16553 | BC34: 14701 | BD34: 13126 | BE34: 11780 | BF34: 10532 | BG34: 9232 | BH34: 7925 | BI34: 6817 | BJ34: 5903 | BK34: 5087 | BL34: 21283
... B36: 2024 | C36: 71155 | D36: 67377 | E36: 63907 | F36: 60686 | G36: 57608 | H36: 54473 | I36: 51191 | J36: 47952 | K36: 44814 | L36: 41913 | M36: 38926 | N36: 35782 | O36: 32744 | P36: 29887 | Q36: 27314 | R36: 24740 | S36: 22238 | T36: 20091 | U36: 18224 | V36: 16571 | W36: 14916 | X36: 13177 | Y36: 11555 | Z36: 10072 | AA36: 8852 | AB36: 7664 | AC36: 6465 | AD36: 5436 | AE36: 4556 | AF36: 3829 | AG36: 14947 | AH36: 71523 | AI36: 68059 | AJ36: 64920 | AK36: 62004 | AL36: 59226 | AM36: 56418 | AN36: 53484 | AO36: 50472 | AP36: 47488 | AQ36: 44687 | AR36: 41907 | AS36: 38913 | AT36: 35962 | AU36: 33094 | AV36: 30451 | AW36: 27787 | AX36: 25247 | AY36: 23143 | AZ36: 21336 | BA36: 19707 | BB36: 18037 | BC36: 16241 | BD36: 14510 | BE36: 12896 | BF36: 11520 | BG36: 10176 | BH36: 8801 | BI36: 7585 | BJ36: 6511 | BK36: 5600 | BL36: 23527
A37: Nordeste | B37: 2010 | C37: 166847 | D37: 162057 | E37: 156268 | F37: 148724 | G37: 140156 | H37: 131921 | I37: 123596 | J37: 116317 | K37: 110739 | L37: 106221 | M37: 101613 | N37: 97318 | O37: 92124 | P37: 85360 | Q37: 77714 | R37: 70449 | S37: 63198 | T37: 57051 | U37: 52642 | V37: 49387 | W37: 45978 | X37: 42563 | Y37: 39290 | Z37: 36058 | AA37: 32778 | AB37: 29346 | AC37: 25675 | AD37: 21667 | AE37: 17221 | AF37: 12247 | AG37: 61899 | AH37: 193458 | AI37: 187019 | AJ37: 179894 | AK37: 171579 | AL37: 162632 | AM37: 153917 | AN37: 145030 | AO37: 137524 | AP37: 132185 | AQ37: 128171 | AR37: 124044 | AS37: 120327 | AT37: 115220 | AU37: 107759 | AV37: 98911 | AW37: 90484 | AX37: 81977 | AY37: 74770 | AZ37: 69688 | BA37: 65978 | BB37: 61949 | BC37: 57790 | BD37: 53702 | BE37: 49561 | BF37: 45248 | BG37: 40640 | BH37: 35618 | BI37: 30060 | BJ37: 23852 | BK37: 16867 | BL37: 100398
B38: 2011 | C38: 169111 | D38: 163530 | E38: 158840 | F38: 153170 | G38: 145778 | H38: 136812 | I38: 128220 | J38: 120129 | K38: 113061 | L38: 107641 | M38: 102491 | N38: 97291 | O38: 93181 | P38: 88209 | Q38: 81735 | R38: 73631 | S38: 66001 | T38: 59203 | U38: 53444 | V38: 49316 | W38: 45533 | X38: 41654 | Y38: 38566 | Z38: 35598 | AA38: 32669 | AB38: 29080 | AC38: 25412 | AD38: 22229 | AE38: 18762 | AF38: 14917 | AG38: 59371 | AH38: 198139 | AI38: 190978 | AJ38: 184628 | AK38: 177591 | AL38: 169376 | AM38: 160075 | AN38: 151036 | AO38: 142308 | AP38: 134937 | AQ38: 129698 | AR38: 125116 | AS38: 120441 | AT38: 116832 | AU38: 111873 | AV38: 104626 | AW38: 95290 | AX38: 86457 | AY38: 78324 | AZ38: 71434 | BA38: 66578 | BB38: 62190 | BC38: 57539 | BD38: 53674 | BE38: 49877 | BF38: 46022 | BG38: 41233 | BH38: 36260 | BI38: 31777 | BJ38: 26820 | BK38: 21288 | BL38: 96336
B39: 2012 | C39: 171855 | D39: 165788 | E39: 160325 | F39: 155727 | G39: 150171 | H39: 142344 | I39: 133019 | J39: 124672 | K39: 116803 | L39: 109938 | M39: 103899 | N39: 98181 | O39: 93200 | P39: 89265 | Q39: 84504 | R39: 77488 | S39: 69033 | T39: 61876 | U39: 55501 | V39: 50100 | W39: 45499 | X39: 41291 | Y39: 37777 | Z39: 34974 | AA39: 32283 | AB39: 29013 | AC39: 25217 | AD39: 22033 | AE39: 19272 | AF39: 16268 | AG39: 59691 | AH39: 203353 | AI39: 195652 | AJ39: 188585 | AK39: 182312 | AL39: 175363 | AM39: 166766 | AN39: 157142 | AO39: 148262 | AP39: 139691 | AQ39: 132447 | AR39: 126665 | AS39: 121549 | AT39: 117009 | AU39: 113502 | AV39: 108681 | AW39: 100868 | AX39: 91128 | AY39: 82678 | AZ39: 74894 | BA39: 68304 | BB39: 62823 | BC39: 57844 | BD39: 53514 | BE39: 49920 | BF39: 46381 | BG39: 42011 | BH39: 36867 | BI39: 32420 | BJ39: 28411 | BK39: 23980 | BL39: 97112
B40: 2013 | C40: 175395 | D40: 168518 | E40: 162577 | F40: 157220 | G40: 152717 | H40: 146674 | I40: 138445 | J40: 129381 | K40: 121269 | L40: 113612 | M40: 106162 | N40: 99574 | O40: 94095 | P40: 89324 | Q40: 85559 | R40: 80163 | S40: 72700 | T40: 64768 | U40: 58049 | V40: 52067 | W40: 46259 | X40: 41296 | Y40: 37478 | Z40: 34291 | AA40: 31748 | AB40: 28701 | AC40: 25192 | AD40: 21894 | AE40: 19129 | AF40: 16731 | AG40: 61164 | AH40: 208827 | AI40: 200852 | AJ40: 193249 | AK40: 186265 | AL40: 180069 | AM40: 172720 | AN40: 163773 | AO40: 154314 | AP40: 145591 | AQ40: 137167 | AR40: 129407 | AS40: 123122 | AT40: 118148 | AU40: 113734 | AV40: 110326 | AW40: 104847 | AX40: 96542 | AY40: 87216 | AZ40: 79122 | BA40: 71671 | BB40: 64518 | BC40: 58514 | BD40: 53872 | BE40: 49834 | BF40: 46485 | BG40: 42408 | BH40: 37641 | BI40: 33032 | BJ40: 29045 | BK40: 25455 | BL40: 100320
B41: 2014 | C41: 180204 | D41: 172034 | E41: 165291 | F41: 159466 | G41: 154216 | H41: 149204 | I41: 142705 | J41: 134705 | K41: 125889 | L41: 118000 | M41: 109756 | N41: 101790 | O41: 95474 | P41: 90227 | Q41: 85651 | R41: 81211 | S41: 75264 | T41: 68257 | U41: 60806 | V41: 54495 | W41: 48119 | X41: 42025 | Y41: 37518 | Z41: 34049 | AA41: 31155 | AB41: 28256 | AC41: 24956 | AD41: 21900 | AE41: 19032 | AF41: 16632 | AG41: 62815 | AH41: 214754 | AI41: 206311 | AJ41: 198431 | AK41: 190919 | AL41: 184017 | AM41: 177407 | AN41: 169681 | AO41: 160887 | AP41: 151588 | AQ41: 143015 | AR41: 134081 | AS41: 125854 | AT41: 119736 | AU41: 114900 | AV41: 110606 | AW41: 106504 | AX41: 100430 | AY41: 92470 | AZ41: 83532 | BA41: 75779 | BB41: 67767 | BC41: 60168 | BD41: 54564 | BE41: 50234 | BF41: 46463 | BG41: 42571 | BH41: 38071 | BI41: 33792 | BJ41: 29652 | BK41: 26074 | BL41: 104475
B42: 2015 | C42: 185875 | D42: 176791 | E42: 168781 | F42: 162165 | G42: 156457 | H42: 150707 | I42: 145219 | J42: 138896 | K42: 131113 | L42: 122536 | M42: 114045 | N42: 105289 | O42: 97646 | P42: 91589 | Q42: 86559 | R42: 81342 | S42: 76298 | T42: 70714 | U42: 64125 | V42: 57126 | W42: 50406 | X42: 43760 | Y42: 38212 | Z42: 34119 | AA42: 30960 | AB42: 27760 | AC42: 24601 | AD42: 21724 | AE42: 19065 | AF42: 16568 | AG42: 64144 | AH42: 221012 | AI42: 212220 | AJ42: 203872 | AK42: 196085 | AL42: 188658 | AM42: 181346 | AN42: 174342 | AO42: 166748 | AP42: 158104 | AQ42: 148961 | AR42: 139857 | AS42: 130465 | AT42: 122455 | AU42: 116503 | AV42: 111796 | AW42: 106841 | AX42: 102091 | AY42: 96267 | AZ42: 88633 | BA42: 80062 | BB42: 71720 | BC42: 63273 | BD42: 56176 | BE42: 50942 | BF42: 46896 | BG42: 42614 | BH42: 38290 | BI42: 34242 | BJ42: 30392 | BK42: 26670 | BL42: 108678
B43: 2016 | C43: 191747 | D43: 182403 | E43: 173487 | F43: 165629 | G43: 159142 | H43: 152939 | I43: 146724 | J43: 141391 | K43: 135239 | L43: 127661 | M43: 118477 | N43: 109460 | O43: 101053 | P43: 93717 | Q43: 87904 | R43: 82248 | S43: 76468 | T43: 71732 | U43: 66482 | V43: 60286 | W43: 52885 | X43: 45885 | Y43: 39832 | Z43: 34779 | AA43: 31050 | AB43: 27617 | AC43: 24202 | AD43: 21442 | AE43: 18934 | AF43: 16620 | AG43: 65249 | AH43: 227526 | AI43: 218452 | AJ43: 209762 | AK43: 201507 | AL43: 193809 | AM43: 185967 | AN43: 178268 | AO43: 171384 | AP43: 163915 | AQ43: 155415 | AR43: 145736 | AS43: 136153 | AT43: 127006 | AU43: 119205 | AV43: 113408 | AW43: 108053 | AX43: 102488 | AY43: 97929 | AZ43: 92342 | BA43: 85015 | BB43: 75843 | BC43: 67041 | BD43: 59145 | BE43: 52508 | BF43: 47613 | BG43: 43076 | BH43: 38398 | BI43: 34499 | BJ43: 30853 | BK43: 27384 | BL43: 112914
B44: 2017 | C44: 197864 | D44: 188206 | E44: 179038 | F44: 170289 | G44: 162576 | H44: 155608 | I44: 148947 | J44: 142898 | K44: 137709 | L44: 131724 | M44: 123482 | N44: 113771 | O44: 105106 | P44: 97034 | Q44: 89989 | R44: 83568 | S44: 77371 | T44: 71935 | U44: 67480 | V44: 62544 | W44: 55856 | X44: 48191 | Y44: 41807 | Z44: 36289 | AA44: 31683 | AB44: 27723 | AC44: 24106 | AD44: 21124 | AE44: 18715 | AF44: 16523 | AG44: 66274 | AH44: 234181 | AI44: 224946 | AJ44: 215970 | AK44: 207376 | AL44: 199211 | AM44: 191093 | AN44: 182866 | AO44: 175295 | AP44: 168522 | AQ44: 161179 | AR44: 152110 | AS44: 141944 | AT44: 132609 | AU44: 123694 | AV44: 116094 | AW44: 109671 | AX44: 103723 | AY44: 98375 | AZ44: 94000 | BA44: 88633 | BB44: 80611 | BC44: 70975 | BD44: 62733 | BE44: 55346 | BF44: 49130 | BG44: 43795 | BH44: 38881 | BI44: 34657 | BJ44: 31141 | BK44: 27847 | BL44: 117288
B45: 2018 | C45: 204651 | D45: 194258 | E45: 184779 | F45: 175780 | G45: 167186 | H45: 159010 | I45: 151592 | J45: 145108 | K45: 139217 | L45: 134172 | M45: 127460 | N45: 118632 | O45: 109304 | P45: 100972 | Q45: 93220 | R45: 85594 | S45: 78662 | T45: 72828 | U45: 67713 | V45: 63520 | W45: 57997 | X45: 50942 | Y45: 43953 | Z45: 38128 | AA45: 33090 | AB45: 28318 | AC45: 24231 | AD45: 21066 | AE45: 18461 | AF45: 16352 | AG45: 67114 | AH45: 241553 | AI45: 231578 | AJ45: 222441 | AK45: 213560 | AL45: 205059 | AM45: 196470 | AN45: 187959 | AO45: 179864 | AP45: 172420 | AQ45: 165755 | AR45: 157809 | AS45: 148222 | AT45: 138312 | AU45: 129211 | AV45: 120518 | AW45: 112331 | AX45: 105345 | AY45: 99627 | AZ45: 94488 | BA45: 90283 | BB45: 84111 | BC45: 75518 | BD45: 66489 | BE45: 58763 | BF45: 51840 | BG45: 45251 | BH45: 39595 | BI45: 35151 | BJ45: 31330 | BK45: 28156 | BL45: 121572
B46: 2019 | C46: 212312 | D46: 200968 | E46: 190761 | F46: 181459 | G46: 172618 | H46: 163560 | I46: 154951 | J46: 147730 | K46: 141415 | L46: 135677 | M46: 129877 | N46: 122511 | O46: 114024 | P46: 105056 | Q46: 97047 | R46: 88721 | S46: 80615 | T46: 74089 | U46: 68594 | V46: 63777 | W46: 58944 | X46: 52947 | Y46: 46506 | Z46: 40122 | AA46: 34800 | AB46: 29608 | AC46: 24779 | AD46: 21202 | AE46: 18429 | AF46: 16152 | AG46: 67744 | AH46: 249925 | AI46: 238917 | AJ46: 229050 | AK46: 220007 | AL46: 211218 | AM46: 202287 | AN46: 193299 | AO46: 184927 | AP46: 176959 | AQ46: 169638 | AR46: 162344 | AS46: 153838 | AT46: 144494 | AU46: 134826 | AV46: 125948 | AW46: 116674 | AX46: 107964 | AY46: 101249 | AZ46: 95751 | BA46: 90811 | BB46: 85747 | BC46: 78873 | BD46: 70818 | BE46: 62345 | BF46: 55098 | BG46: 47802 | BH46: 40976 | BI46: 35854 | BJ46: 31829 | BK46: 28367 | BL46: 125656
B47: 2020 | C47: 220427 | D47: 208536 | E47: 197397 | F47: 187371 | G47: 178239 | H47: 168918 | I47: 159437 | J47: 151046 | K47: 144012 | L47: 137858 | M47: 131380 | N47: 124886 | O47: 117804 | P47: 109643 | Q47: 101019 | R47: 92414 | S47: 83614 | T47: 75974 | U47: 69823 | V47: 64646 | W47: 59223 | X47: 53857 | Y47: 48380 | Z47: 42489 | AA47: 36655 | AB47: 31172 | AC47: 25938 | AD47: 21706 | AE47: 18572 | AF47: 16145 | AG47: 68179 | AH47: 258875 | AI47: 247248 | AJ47: 236354 | AK47: 226588 | AL47: 217639 | AM47: 208413 | AN47: 199082 | AO47: 190227 | AP47: 181989 | AQ47: 174149 | AR47: 166195 | AS47: 158320 | AT47: 150025 | AU47: 140914 | AV47: 131481 | AW47: 121988 | AX47: 112210 | AY47: 103828 | AZ47: 97366 | BA47: 92077 | BB47: 86317 | BC47: 80484 | BD47: 74037 | BE47: 66470 | BF47: 58511 | BG47: 50869 | BH47: 43346 | BI47: 37160 | BJ47: 32512 | BK47: 28864 | BL47: 129490
B48: 2021 | C48: 228624 | D48: 216559 | E48: 204873 | F48: 193932 | G48: 184086 | H48: 174464 | I48: 164709 | J48: 155467 | K48: 147285 | L48: 140434 | M48: 133536 | N48: 126380 | O48: 120136 | P48: 113327 | Q48: 105476 | R48: 96248 | S48: 87149 | T48: 78850 | U48: 71641 | V48: 65840 | W48: 60072 | X48: 54156 | Y48: 49256 | Z48: 44242 | AA48: 38853 | AB48: 32863 | AC48: 27342 | AD48: 22748 | AE48: 19035 | AF48: 16287 | AG48: 68620 | AH48: 267857 | AI48: 256151 | AJ48: 244644 | AK48: 233857 | AL48: 224191 | AM48: 214800 | AN48: 205162 | AO48: 195973 | AP48: 187250 | AQ48: 179145 | AR48: 170668 | AS48: 162132 | AT48: 154452 | AU48: 146365 | AV48: 137468 | AW48: 127412 | AX48: 117389 | AY48: 107972 | AZ48: 99906 | BA48: 93684 | BB48: 87581 | BC48: 81097 | BD48: 75616 | BE48: 69559 | BF48: 62441 | BG48: 54078 | BH48: 46188 | BI48: 39360 | BJ48: 33745 | BK48: 29526 | BL48: 133372
B49: 2022 | C49: 237040 | D49: 224659 | E49: 212804 | F49: 201320 | G49: 190571 | H49: 180233 | I49: 170167 | J49: 160650 | K49: 151642 | L49: 143665 | M49: 136078 | N49: 128505 | O49: 121620 | P49: 115615 | Q49: 109068 | R49: 100547 | S49: 90818 | T49: 82233 | U49: 74398 | V49: 67597 | W49: 61218 | X49: 54979 | Y49: 49567 | Z49: 45080 | AA49: 40493 | AB49: 34868 | AC49: 28854 | AD49: 24007 | AE49: 19973 | AF49: 16712 | AG49: 69191 | AH49: 276943 | AI49: 265082 | AJ49: 253500 | AK49: 242108 | AL49: 231426 | AM49: 221311 | AN49: 211505 | AO49: 202009 | AP49: 192955 | AQ49: 184366 | AR49: 175616 | AS49: 166554 | AT49: 158225 | AU49: 150732 | AV49: 142844 | AW49: 133270 | AX49: 122676 | AY49: 113020 | AZ49: 103950 | BA49: 96182 | BB49: 89172 | BC49: 82358 | BD49: 76259 | BE49: 71102 | BF49: 65403 | BG49: 57772 | BH49: 49164 | BI49: 41992 | BJ49: 35789 | BK49: 30685 | BL49: 137443
... B51: 2024 | C51: 251623 | D51: 240670 | E51: 229034 | F51: 217072 | G51: 205614 | H51: 193829 | I51: 182129 | J51: 171609 | K51: 162029 | L51: 152969 | M51: 143460 | N51: 134107 | O51: 126163 | P51: 119146 | Q51: 112769 | R51: 106206 | S51: 98264 | T51: 89685 | U51: 81002 | V51: 73340 | W51: 65396 | X51: 57654 | Y51: 51395 | Z51: 46163 | AA51: 41617 | AB51: 37124 | AC51: 32009 | AD51: 26965 | AE51: 22316 | AF51: 18566 | AG51: 71648 | AH51: 293830 | AI51: 282817 | AJ51: 271377 | AK51: 259750 | AL51: 248391 | AM51: 236653 | AN51: 225102 | AO51: 214719 | AP51: 205194 | AQ51: 195975 | AR51: 186390 | AS51: 176540 | AT51: 167412 | AU51: 158776 | AV51: 150843 | AW51: 142776 | AX51: 133530 | AY51: 123725 | AZ51: 113891 | BA51: 104918 | BB51: 95424 | BC51: 86294 | BD51: 79047 | BE51: 73003 | BF51: 67591 | BG51: 62029 | BH51: 55201 | BI51: 47920 | BJ51: 40790 | BK51: 34840 | BL51: 147922
A52: Sudeste | B52: 2010 | C52: 316299 | D52: 299066 | E52: 281781 | F52: 264306 | G52: 247022 | H52: 230202 | I52: 213510 | J52: 199070 | K52: 187883 | L52: 178883 | M52: 170092 | N52: 162003 | O52: 153168 | P52: 142698 | Q52: 131324 | R52: 120635 | S52: 110265 | T52: 100581 | U52: 91913 | V52: 83978 | W52: 76133 | X52: 68460 | Y52: 61042 | Z52: 53845 | AA52: 46828 | AB52: 39956 | AC52: 33190 | AD52: 26494 | AE52: 19828 | AF52: 13155 | AG52: 57293 | AH52: 366301 | AI52: 348866 | AJ52: 331070 | AK52: 312612 | AL52: 294084 | AM52: 276072 | AN52: 258088 | AO52: 242901 | AP52: 231830 | AQ52: 223482 | AR52: 215228 | AS52: 207696 | AT52: 199160 | AU52: 188530 | AV52: 176672 | AW52: 165450 | AX52: 154378 | AY52: 144038 | AZ52: 134872 | BA52: 126426 | BB52: 117716 | BC52: 108826 | BD52: 99839 | BE52: 90660 | BF52: 81195 | BG52: 71350 | BH52: 61030 | BI52: 50138 | BJ52: 38583 | BK52: 26268 | BL52: 131402
B53: 2011 | C53: 328764 | D53: 310794 | E53: 293850 | F53: 276860 | G53: 259682 | H53: 241726 | I53: 224321 | J53: 208049 | K53: 193973 | L53: 183066 | M53: 173291 | N53: 163780 | O53: 155990 | P53: 147481 | Q53: 137398 | R53: 125218 | S53: 113827 | T53: 104045 | U53: 94907 | V53: 86725 | W53: 78237 | X53: 69952 | Y53: 62902 | Z53: 56086 | AA53: 49474 | AB53: 42155 | AC53: 35146 | AD53: 29195 | AE53: 23308 | AF53: 17447 | AG53: 59032 | AH53: 380929 | AI53: 362742 | AJ53: 345475 | AK53: 327851 | AL53: 309571 | AM53: 290449 | AN53: 271917 | AO53: 254203 | AP53: 239244 | AQ53: 228343 | AR53: 219133 | AS53: 210060 | AT53: 202707 | AU53: 194375 | AV53: 184000 | AW53: 171176 | AX53: 159080 | AY53: 148434 | AZ53: 138491 | BA53: 129679 | BB53: 120059 | BC53: 110303 | BD53: 101975 | BE53: 93552 | BF53: 84952 | BG53: 74540 | BH53: 64025 | BI53: 54767 | BJ53: 44992 | BK53: 34625 | BL53: 136988
B54: 2012 | C54: 341675 | D54: 323191 | E54: 305516 | F54: 288852 | G54: 272144 | H54: 254258 | I54: 235707 | J54: 218729 | K54: 202854 | L54: 189124 | M54: 177477 | N54: 167000 | O54: 157832 | P54: 150325 | Q54: 142123 | R54: 131142 | S54: 118297 | T54: 107538 | U54: 98296 | V54: 89662 | W54: 80907 | X54: 72002 | Y54: 64373 | Z54: 57887 | AA54: 51616 | AB54: 44620 | AC54: 37166 | AD54: 30984 | AE54: 25739 | AF54: 20551 | AG54: 64251 | AH54: 395910 | AI54: 377304 | AJ54: 359290 | AK54: 342186 | AL54: 324727 | AM54: 305823 | AN54: 286163 | AO54: 267904 | AP54: 250454 | AQ54: 235715 | AR54: 223986 | AS54: 213970 | AT54: 205110 | AU54: 197931 | AV54: 189793 | AW54: 178382 | AX54: 164709 | AY54: 153070 | AZ54: 142827 | BA54: 133256 | BB54: 123269 | BC54: 112642 | BD54: 103489 | BE54: 95674 | BF54: 87774 | BG54: 78120 | BH54: 67035 | BI54: 57577 | BJ54: 49254 | BK54: 40463 | BL54: 149362
B55: 2013 | C55: 354785 | D55: 336031 | E55: 317844 | F55: 300450 | G55: 284059 | H55: 266600 | I55: 248082 | J55: 229974 | K55: 213402 | L55: 197906 | M55: 183478 | N55: 171171 | O55: 161063 | P55: 152218 | Q55: 144979 | R55: 135781 | S55: 124038 | T55: 111888 | U55: 101714 | V55: 92972 | W55: 83757 | X55: 74569 | Y55: 66360 | Z55: 59329 | AA55: 53351 | AB55: 46634 | AC55: 39423 | AD55: 32835 | AE55: 27375 | AF55: 22739 | AG55: 71357 | AH55: 411200 | AI55: 392221 | AJ55: 373786 | AK55: 355939 | AL55: 338991 | AM55: 320872 | AN55: 301397 | AO55: 282020 | AP55: 264028 | AQ55: 246834 | AR55: 231300 | AS55: 218806 | AT55: 209023 | AU55: 200365 | AV55: 193352 | AW55: 184103 | AX55: 171765 | AY55: 158600 | AZ55: 147390 | BA55: 137529 | BB55: 126788 | BC55: 115793 | BD55: 105810 | BE55: 97214 | BF55: 89872 | BG55: 80845 | BH55: 70399 | BI55: 60411 | BJ55: 51888 | BK55: 44388 | BL55: 165421
B56: 2014 | C56: 368286 | D56: 349067 | E56: 330606 | F56: 312709 | G56: 295585 | H56: 278411 | I56: 260277 | J56: 242191 | K56: 224506 | L56: 208322 | M56: 192124 | N56: 177089 | O56: 165208 | P56: 155451 | Q56: 146912 | R56: 138635 | S56: 128564 | T56: 117446 | U56: 105943 | V56: 96309 | W56: 86957 | X56: 77302 | Y56: 68824 | Z56: 61244 | AA56: 54759 | AB56: 48282 | AC56: 41284 | AD56: 34899 | AE56: 29068 | AF56: 24231 | AG56: 79261 | AH56: 427050 | AI56: 407444 | AJ56: 388636 | AK56: 370370 | AL56: 352684 | AM56: 335042 | AN56: 316316 | AO56: 297115 | AP56: 278017 | AQ56: 260279 | AR56: 242295 | AS56: 226048 | AT56: 213836 | AU56: 204274 | AV56: 195813 | AW56: 187659 | AX56: 177394 | AY56: 165505 | AZ56: 152822 | BA56: 142017 | BB56: 130972 | BC56: 119235 | BD56: 108896 | BE56: 99508 | BF56: 91423 | BG56: 82903 | BH56: 72999 | BI56: 63569 | BJ56: 54550 | BK56: 46854 | BL56: 183010
B57: 2015 | C57: 381733 | D57: 362489 | E57: 343566 | F57: 325389 | G57: 307767 | H57: 289846 | I57: 271958 | J57: 254238 | K57: 236564 | L57: 219282 | M57: 202362 | N57: 185562 | O57: 171041 | P57: 159562 | Q57: 150139 | R57: 140602 | S57: 131403 | T57: 121856 | U57: 111317 | V57: 100417 | W57: 90181 | X57: 80360 | Y57: 71438 | Z57: 63604 | AA57: 56600 | AB57: 49634 | AC57: 42822 | AD57: 36615 | AE57: 30953 | AF57: 25782 | AG57: 87243 | AH57: 442948 | AI57: 423227 | AJ57: 403791 | AK57: 385150 | AL57: 367048 | AM57: 348655 | AN57: 330372 | AO57: 311904 | AP57: 292972 | AQ57: 274143 | AR57: 255577 | AS57: 236887 | AT57: 221004 | AU57: 209062 | AV57: 199713 | AW57: 190148 | AX57: 180935 | AY57: 171041 | AZ57: 159576 | BA57: 147350 | BB57: 135361 | BC57: 123305 | BD57: 112255 | BE57: 102523 | BF57: 93682 | BG57: 84457 | BH57: 75000 | BI57: 66040 | BJ57: 57511 | BK57: 49352 | BL57: 200657
B58: 2016 | C58: 395284 | D58: 375859 | E58: 356905 | F58: 338267 | G58: 320365 | H58: 301925 | I58: 283275 | J58: 265788 | K58: 248462 | L58: 231182 | M58: 213130 | N58: 195580 | O58: 179341 | P58: 165307 | Q58: 154207 | R58: 143807 | S58: 133394 | T58: 124667 | U58: 115611 | V58: 105611 | W58: 94127 | X58: 83441 | Y58: 74355 | Z58: 66102 | AA58: 58852 | AB58: 51378 | AC58: 44100 | AD58: 38047 | AE58: 32532 | AF58: 27500 | AG58: 95356 | AH58: 458608 | AI58: 439055 | AJ58: 419504 | AK58: 400239 | AL58: 381760 | AM58: 362930 | AN58: 343879 | AO58: 325847 | AP58: 307631 | AQ58: 288960 | AR58: 269277 | AS58: 249969 | AT58: 231689 | AU58: 216152 | AV58: 204475 | AW58: 194029 | AX58: 183450 | AY58: 174562 | AZ58: 165015 | BA58: 153954 | BB58: 140559 | BC58: 127572 | BD58: 116207 | BE58: 105794 | BF58: 96624 | BG58: 86663 | BH58: 76544 | BI58: 67973 | BJ58: 59854 | BK58: 52124 | BL58: 218410
B59: 2017 | C59: 409173 | D59: 389333 | E59: 370194 | F59: 351520 | G59: 333159 | H59: 314413 | I59: 295229 | J59: 276983 | K59: 259879 | L59: 242930 | M59: 224821 | N59: 206112 | O59: 189139 | P59: 173435 | Q59: 159861 | R59: 147812 | S59: 136561 | T59: 126669 | U59: 118385 | V59: 109783 | W59: 99096 | X59: 87192 | Y59: 77293 | Z59: 68879 | AA59: 61236 | AB59: 53494 | AC59: 45726 | AD59: 39248 | AE59: 33858 | AF59: 28951 | AG59: 103736 | AH59: 474177 | AI59: 454650 | AJ59: 435264 | AK59: 415881 | AL59: 396778 | AM59: 377552 | AN59: 358046 | AO59: 339250 | AP59: 321460 | AQ59: 303490 | AR59: 283914 | AS59: 263464 | AT59: 244573 | AU59: 226687 | AV59: 211485 | AW59: 198750 | AX59: 187304 | AY59: 177093 | AZ59: 168510 | BA59: 159295 | BB59: 146973 | BC59: 132599 | BD59: 120352 | BE59: 109626 | BF59: 99803 | BG59: 89503 | BH59: 78679 | BI59: 69491 | BJ59: 61710 | BK59: 54341 | BL59: 236519
B60: 2018 | C60: 421483 | D60: 403141 | E60: 383588 | F60: 364726 | G60: 346323 | H60: 327097 | I60: 307581 | J60: 288807 | K60: 270951 | L60: 254212 | M60: 236369 | N60: 217544 | O60: 199440 | P60: 183014 | Q60: 167819 | R60: 153341 | S60: 140480 | T60: 129790 | U60: 120386 | V60: 112513 | W60: 103108 | X60: 91893 | Y60: 80855 | Z60: 71676 | AA60: 63877 | AB60: 55733 | AC60: 47683 | AD60: 40757 | AE60: 34984 | AF60: 30177 | AG60: 112117 | AH60: 488294 | AI60: 470155 | AJ60: 450793 | AK60: 431569 | AL60: 412350 | AM60: 392478 | AN60: 372556 | AO60: 353308 | AP60: 334758 | AQ60: 317206 | AR60: 298277 | AS60: 277879 | AT60: 257867 | AU60: 239376 | AV60: 221870 | AW60: 205654 | AX60: 191970 | AY60: 180913 | AZ60: 171051 | BA60: 162759 | BB60: 152184 | BC60: 138783 | BD60: 125208 | BE60: 113646 | BF60: 103515 | BG60: 92565 | BH60: 81389 | BI60: 71546 | BJ60: 63192 | BK60: 56118 | BL60: 254462
B61: 2019 | C61: 431572 | D61: 415394 | E61: 397309 | F61: 378037 | G61: 359441 | H61: 340145 | I61: 320128 | J61: 301021 | K61: 282640 | L61: 265158 | M61: 247469 | N61: 228843 | O61: 210616 | P61: 193086 | Q61: 177183 | R61: 161079 | S61: 145852 | T61: 133620 | U61: 123451 | V61: 114506 | W61: 105766 | X61: 95710 | Y61: 85299 | Z61: 75055 | AA61: 66536 | AB61: 58207 | AC61: 49749 | AD61: 42565 | AE61: 36381 | AF61: 31228 | AG61: 120311 | AH61: 500397 | AI61: 484223 | AJ61: 466234 | AK61: 447033 | AL61: 427967 | AM61: 407955 | AN61: 387369 | AO61: 367704 | AP61: 348706 | AQ61: 330398 | AR61: 311840 | AS61: 292038 | AT61: 272064 | AU61: 252472 | AV61: 234366 | AW61: 215848 | AX61: 198741 | AY61: 185519 | AZ61: 174834 | BA61: 165303 | BB61: 155601 | BC61: 143835 | BD61: 131166 | BE61: 118337 | BF61: 107409 | BG61: 96121 | BH61: 84304 | BI61: 74126 | BJ61: 65161 | BK61: 57552 | BL61: 271892
B62: 2020 | C62: 440013 | D62: 425454 | E62: 409500 | F62: 391669 | G62: 372666 | H62: 353148 | I62: 333034 | J62: 313425 | K62: 294716 | L62: 276712 | M62: 258242 | N62: 239713 | O62: 221668 | P62: 204011 | Q62: 187029 | R62: 170174 | S62: 153324 | T62: 138831 | U62: 127190 | V62: 117510 | W62: 107730 | X62: 98270 | Y62: 88927 | Z62: 79256 | AA62: 69737 | AB62: 60697 | AC62: 52027 | AD62: 44469 | AE62: 38047 | AF62: 32518 | AG62: 128206 | AH62: 510855 | AI62: 496294 | AJ62: 480252 | AK62: 462408 | AL62: 443364 | AM62: 423477 | AN62: 402726 | AO62: 382404 | AP62: 362990 | AQ62: 344235 | AR62: 324893 | AS62: 305413 | AT62: 286018 | AU62: 266453 | AV62: 247268 | AW62: 228096 | AX62: 208699 | AY62: 192160 | AZ62: 179377 | BA62: 169045 | BB62: 158138 | BC62: 147190 | BD62: 136058 | BE62: 124074 | BF62: 111939 | BG62: 99851 | BH62: 87669 | BI62: 76895 | BJ62: 67612 | BK62: 59435 | BL62: 288578
B63: 2021 | C63: 448774 | D63: 433891 | E63: 419530 | F63: 403791 | G63: 386207 | H63: 366257 | I63: 345896 | J63: 326186 | K63: 306977 | L63: 288646 | M63: 269612 | N63: 250269 | O63: 232308 | P63: 214820 | Q63: 197707 | R63: 179733 | S63: 162094 | T63: 146047 | U63: 132242 | V63: 121153 | W63: 110643 | X63: 100184 | Y63: 91387 | Z63: 82699 | AA63: 73707 | AB63: 63684 | AC63: 54322 | AD63: 46562 | AE63: 39800 | AF63: 34050 | AG63: 136062 | AH63: 521175 | AI63: 506732 | AJ63: 492289 | AK63: 476375 | AL63: 458673 | AM63: 438784 | AN63: 418131 | AO63: 397641 | AP63: 377575 | AQ63: 358406 | AR63: 338583 | AS63: 318294 | AT63: 299206 | AU63: 280205 | AV63: 261039 | AW63: 240744 | AX63: 220648 | AY63: 201887 | AZ63: 185886 | BA63: 173522 | BB63: 161823 | BC63: 149709 | BD63: 139346 | BE63: 128806 | BF63: 117461 | BG63: 104175 | BH63: 91201 | BI63: 80076 | BJ63: 70235 | BK63: 61757 | BL63: 305032
B64: 2022 | C64: 457659 | D64: 442638 | E64: 427952 | F64: 413785 | G64: 398258 | H64: 379682 | I64: 358860 | J64: 338906 | K64: 319588 | L64: 300765 | M64: 281351 | N64: 261408 | O64: 242649 | P64: 225233 | Q64: 208275 | R64: 190098 | S64: 171310 | T64: 154502 | U64: 139204 | V64: 126049 | W64: 114157 | X64: 102978 | Y64: 93245 | Z64: 85058 | AA64: 76974 | AB64: 67374 | AC64: 57062 | AD64: 48675 | AE64: 41720 | AF64: 35664 | AG64: 144099 | AH64: 531441 | AI64: 517033 | AJ64: 502705 | AK64: 488377 | AL64: 472586 | AM64: 454008 | AN64: 433325 | AO64: 412929 | AP64: 392695 | AQ64: 372877 | AR64: 352602 | AS64: 331800 | AT64: 311917 | AU64: 293210 | AV64: 274590 | AW64: 254246 | AX64: 232990 | AY64: 213542 | AZ64: 195385 | BA64: 179900 | BB64: 166210 | BC64: 153318 | BD64: 141840 | BE64: 132021 | BF64: 122037 | BG64: 109424 | BH64: 95281 | BI64: 83412 | BJ64: 73239 | BK64: 64238 | BL64: 321687
... B66: 2024 | C66: 473201 | D66: 459617 | E66: 445524 | F66: 430895 | G66: 416590 | H66: 401529 | I66: 383975 | J66: 364854 | K66: 344836 | L66: 325650 | M66: 305536 | N66: 284587 | O66: 264814 | P66: 246039 | Q66: 228380 | R66: 210267 | S66: 191196 | T66: 173010 | U66: 155914 | V66: 140620 | W66: 125262 | X66: 110787 | Y66: 99120 | Z66: 89413 | AA66: 80963 | AB66: 72554 | AC66: 63239 | AD66: 54267 | AE66: 45962 | AF66: 39208 | AG66: 160962 | AH66: 545628 | AI66: 535609 | AJ66: 523213 | AK66: 509029 | AL66: 494916 | AM66: 479763 | AN66: 462186 | AO66: 443012 | AP66: 422830 | AQ66: 402928 | AR66: 381766 | AS66: 359764 | AT66: 338887 | AU66: 318892 | AV66: 299784 | AW66: 280124 | AX66: 259141 | AY66: 238440 | AZ66: 218505 | BA66: 200269 | BB66: 181407 | BC66: 163592 | BD66: 149523 | BE66: 137926 | BF66: 127601 | BG66: 116836 | BH66: 104339 | BI66: 91879 | BJ66: 80002 | BK66: 70039 | BL66: 356268
A67: Sul | B67: 2010 | C67: 114388 | D67: 108449 | E67: 102429 | F67: 96272 | G67: 90113 | H67: 84082 | I67: 78075 | J67: 72728 | K67: 68348 | L67: 64625 | M67: 60974 | N67: 57542 | O67: 53942 | P67: 49936 | Q67: 45726 | R67: 41751 | S67: 37914 | T67: 34324 | U67: 31072 | V67: 28086 | W67: 25185 | X67: 22394 | Y67: 19743 | Z67: 17221 | AA67: 14821 | AB67: 12537 | AC67: 10357 | AD67: 8277 | AE67: 6287 | AF67: 4379 | AG67: 17376 | AH67: 126948 | AI67: 120882 | AJ67: 114752 | AK67: 108518 | AL67: 102312 | AM67: 96238 | AN67: 90195 | AO67: 84869 | AP67: 80583 | AQ67: 77008 | AR67: 73491 | AS67: 70163 | AT67: 66744 | AU67: 63029 | AV67: 59156 | AW67: 55461 | AX67: 51873 | AY67: 48362 | AZ67: 44949 | BA67: 41610 | BB67: 38292 | BC67: 35003 | BD67: 31738 | BE67: 28493 | BF67: 25261 | BG67: 22035 | BH67: 18808 | BI67: 15571 | BJ67: 12320 | BK67: 9046 | BL67: 38895
B68: 2011 | C68: 118822 | D68: 112573 | E68: 106731 | F68: 100807 | G68: 94745 | H68: 88309 | I68: 82035 | J68: 76175 | K68: 70962 | L68: 66687 | M68: 62644 | N68: 58704 | O68: 55396 | P68: 51934 | Q68: 48076 | R68: 43581 | S68: 39364 | T68: 35748 | U68: 32360 | V68: 29295 | W68: 26122 | X68: 23082 | Y68: 20525 | Z68: 18095 | AA68: 15780 | AB68: 13322 | AC68: 11024 | AD68: 9108 | AE68: 7280 | AF68: 5529 | AG68: 18203 | AH68: 132148 | AI68: 125814 | AJ68: 119802 | AK68: 113728 | AL68: 107548 | AM68: 101104 | AN68: 94813 | AO68: 88861 | AP68: 83612 | AQ68: 79390 | AR68: 75554 | AS68: 71790 | AT68: 68540 | AU68: 65200 | AV68: 61572 | AW68: 57343 | AX68: 53320 | AY68: 49873 | AZ68: 46497 | BA68: 43215 | BB68: 39505 | BC68: 35860 | BD68: 32783 | BE68: 29726 | BF68: 26687 | BG68: 23170 | BH68: 19738 | BI68: 16849 | BJ68: 13950 | BK68: 11036 | BL68: 41337
B69: 2012 | C69: 123515 | D69: 116976 | E69: 110826 | F69: 105076 | G69: 99242 | H69: 92887 | I69: 86203 | J69: 80079 | K69: 74362 | L69: 69273 | M69: 64684 | N69: 60354 | O69: 56557 | P69: 53373 | Q69: 50037 | R69: 45862 | S69: 41134 | T69: 37154 | U69: 33740 | V69: 30543 | W69: 27281 | X69: 23975 | Y69: 21187 | Z69: 18838 | AA69: 16606 | AB69: 14206 | AC69: 11738 | AD69: 9713 | AE69: 8027 | AF69: 6415 | AG69: 19900 | AH69: 137580 | AI69: 130996 | AJ69: 124716 | AK69: 118758 | AL69: 112736 | AM69: 106311 | AN69: 99644 | AO69: 93444 | AP69: 87578 | AQ69: 82405 | AR69: 77925 | AS69: 73845 | AT69: 70168 | AU69: 66991 | AV69: 63728 | AW69: 59727 | AX69: 55182 | AY69: 51311 | AZ69: 47995 | BA69: 44746 | BB69: 41079 | BC69: 37056 | BD69: 33639 | BE69: 30753 | BF69: 27887 | BG69: 24528 | BH69: 20814 | BI69: 17732 | BJ69: 15136 | BK69: 12533 | BL69: 45276
B70: 2013 | C70: 128047 | D70: 121635 | E70: 115198 | F70: 109141 | G70: 103478 | H70: 97335 | I70: 90717 | J70: 84190 | K70: 78211 | L70: 72629 | M70: 67229 | N70: 62364 | O70: 58189 | P70: 54528 | Q70: 51459 | R70: 47773 | S70: 43333 | T70: 38866 | U70: 35103 | V70: 31878 | W70: 28479 | X70: 25075 | Y70: 22035 | Z70: 19473 | AA70: 17312 | AB70: 14975 | AC70: 12540 | AD70: 10362 | AE70: 8573 | AF70: 7086 | AG70: 22101 | AH70: 142836 | AI70: 136409 | AJ70: 129881 | AK70: 123655 | AL70: 117748 | AM70: 111467 | AN70: 104814 | AO70: 98240 | AP70: 92128 | AQ70: 86344 | AR70: 80919 | AS70: 76202 | AT70: 72213 | AU70: 68617 | AV70: 65511 | AW70: 61862 | AX70: 57527 | AY70: 53151 | AZ70: 49422 | BA70: 46228 | BB70: 42586 | BC70: 38590 | BD70: 34814 | BE70: 31606 | BF70: 28893 | BG70: 25682 | BH70: 22094 | BI70: 18747 | BJ70: 15972 | BK70: 13633 | BL70: 50082
B71: 2014 | C71: 132361 | D71: 126137 | E71: 119821 | F71: 113482 | G71: 107514 | H71: 101528 | I71: 95106 | J71: 88642 | K71: 82264 | L71: 76424 | M71: 70527 | N71: 64860 | O71: 60168 | P71: 56139 | Q71: 52608 | R71: 49171 | S71: 45184 | T71: 40983 | U71: 36760 | V71: 33199 | W71: 29758 | X71: 26210 | Y71: 23078 | Z71: 20278 | AA71: 17921 | AB71: 15635 | AC71: 13243 | AD71: 11087 | AE71: 9164 | AF71: 7581 | AG71: 24540 | AH71: 147845 | AI71: 141648 | AJ71: 135274 | AK71: 128801 | AL71: 122628 | AM71: 116454 | AN71: 109934 | AO71: 103372 | AP71: 96889 | AQ71: 90860 | AR71: 84822 | AS71: 79169 | AT71: 74553 | AU71: 70652 | AV71: 67133 | AW71: 63635 | AX71: 59636 | AY71: 55455 | AZ71: 51238 | BA71: 47644 | BB71: 44044 | BC71: 40066 | BD71: 36308 | BE71: 32755 | BF71: 29738 | BG71: 26661 | BH71: 23190 | BI71: 19951 | BJ71: 16930 | BK71: 14422 | BL71: 55290
B72: 2015 | C72: 136500 | D72: 130426 | E72: 124294 | F72: 118070 | G72: 111824 | H72: 105527 | I72: 99249 | J72: 92971 | K72: 86654 | L72: 80420 | M72: 74256 | N72: 68085 | O72: 62615 | P72: 58085 | Q72: 54197 | R72: 50309 | S72: 46551 | T72: 42775 | U72: 38799 | V72: 34799 | W72: 31026 | X72: 27422 | Y72: 24154 | Z72: 21266 | AA72: 18686 | AB72: 16208 | AC72: 13850 | AD72: 11729 | AE72: 9821 | AF72: 8120 | AG72: 27027 | AH72: 152664 | AI72: 146642 | AJ72: 140497 | AK72: 134174 | AL72: 127755 | AM72: 121310 | AN72: 114889 | AO72: 108458 | AP72: 101981 | AQ72: 95587 | AR72: 89293 | AS72: 83027 | AT72: 77492 | AU72: 72975 | AV72: 69155 | AW72: 65251 | AX72: 61394 | AY72: 57535 | AZ72: 53502 | BA72: 49434 | BB72: 45443 | BC72: 41494 | BD72: 37749 | BE72: 34208 | BF72: 30860 | BG72: 27493 | BH72: 24132 | BI72: 20990 | BJ72: 18060 | BK72: 15325 | BL72: 60581
B73: 2016 | C73: 140678 | D73: 134542 | E73: 128555 | F73: 122513 | G73: 116377 | H73: 109798 | I73: 103203 | J73: 97064 | K73: 90925 | L73: 84750 | M73: 78178 | N73: 71729 | O73: 65769 | P73: 60486 | Q73: 56109 | R73: 51868 | S73: 47673 | T73: 44110 | U73: 40531 | V73: 36765 | W73: 32556 | X73: 28625 | Y73: 25301 | Z73: 22286 | AA73: 19620 | AB73: 16925 | AC73: 14380 | AD73: 12288 | AE73: 10407 | AF73: 8714 | AG73: 29598 | AH73: 157447 | AI73: 151448 | AJ73: 145477 | AK73: 139380 | AL73: 133107 | AM73: 126414 | AN73: 119716 | AO73: 113379 | AP73: 107033 | AQ73: 100639 | AR73: 93974 | AS73: 87443 | AT73: 81305 | AU73: 75885 | AV73: 71462 | AW73: 67255 | AX73: 63001 | AY73: 59278 | AZ73: 55551 | BA73: 51657 | BB73: 47199 | BC73: 42868 | BD73: 39145 | BE73: 35613 | BF73: 32273 | BG73: 28578 | BH73: 24942 | BI73: 21894 | BJ73: 19043 | BK73: 16385 | BL73: 66051
B74: 2017 | C74: 144794 | D74: 138697 | E74: 132648 | F74: 126746 | G74: 120790 | H74: 114308 | I74: 107424 | J74: 100974 | K74: 94970 | L74: 88963 | M74: 82426 | N74: 75565 | O74: 69329 | P74: 63571 | Q74: 58463 | R74: 53738 | S74: 49193 | T74: 45213 | U74: 41834 | V74: 38440 | W74: 34428 | X74: 30075 | Y74: 26442 | Z74: 23371 | AA74: 20585 | AB74: 17794 | AC74: 15041 | AD74: 12778 | AE74: 10920 | AF74: 9248 | AG74: 32291 | AH74: 162035 | AI74: 156221 | AJ74: 150269 | AK74: 144346 | AL74: 138295 | AM74: 131740 | AN74: 124789 | AO74: 118175 | AP74: 111923 | AQ74: 105655 | AR74: 98977 | AS74: 92064 | AT74: 85667 | AU74: 79652 | AV74: 74343 | AW74: 69538 | AX74: 64984 | AY74: 60872 | AZ74: 57277 | BA74: 53675 | BB74: 49369 | BC74: 44580 | BD74: 40492 | BE74: 36977 | BF74: 33639 | BG74: 29937 | BH74: 25982 | BI74: 22679 | BJ74: 19906 | BK74: 17315 | BL74: 71824
B75: 2018 | C75: 149114 | D75: 142793 | E75: 136779 | F75: 130817 | G75: 124993 | H75: 118682 | I75: 111883 | J75: 105146 | K75: 98834 | L75: 92958 | M75: 86567 | N75: 79715 | O75: 73079 | P75: 67049 | Q75: 61482 | R75: 56029 | S75: 51011 | T75: 46694 | U75: 42915 | V75: 39710 | W75: 36034 | X75: 31838 | Y75: 27812 | Z75: 24455 | AA75: 21611 | AB75: 18694 | AC75: 15837 | AD75: 13385 | AE75: 11372 | AF75: 9719 | AG75: 35037 | AH75: 166928 | AI75: 160801 | AJ75: 155030 | AK75: 149123 | AL75: 143248 | AM75: 136902 | AN75: 130081 | AO75: 123218 | AP75: 116688 | AQ75: 110514 | AR75: 103944 | AS75: 97005 | AT75: 90230 | AU75: 83959 | AV75: 78067 | AW75: 72381 | AX75: 67235 | AY75: 62832 | AZ75: 58856 | BA75: 55382 | BB75: 51344 | BC75: 46687 | BD75: 42159 | BE75: 38293 | BF75: 34971 | BG75: 31253 | BH75: 27274 | BI75: 23674 | BJ75: 20662 | BK75: 18136 | BL75: 77755
B76: 2019 | C76: 153872 | D76: 147089 | E76: 140853 | F76: 134924 | G76: 129042 | H76: 122848 | I76: 116210 | J76: 109553 | K76: 102956 | L76: 96779 | M76: 90496 | N76: 83765 | O76: 77135 | P76: 70715 | Q76: 64880 | R76: 58963 | S76: 53228 | T76: 48459 | U76: 44359 | V76: 40767 | W76: 37259 | X76: 33361 | Y76: 29476 | Z76: 25748 | AA76: 22638 | AB76: 19651 | AC76: 16660 | AD76: 14115 | AE76: 11930 | AF76: 10135 | AG76: 37777 | AH76: 172379 | AI76: 165682 | AJ76: 159599 | AK76: 153873 | AL76: 148009 | AM76: 141836 | AN76: 135213 | AO76: 128477 | AP76: 121697 | AQ76: 115251 | AR76: 108758 | AS76: 101911 | AT76: 95108 | AU76: 88467 | AV76: 82316 | AW76: 76049 | AX76: 70029 | AY76: 65051 | AZ76: 60791 | BA76: 56947 | BB76: 53024 | BC76: 48610 | BD76: 44203 | BE76: 39913 | BF76: 36256 | BG76: 32541 | BH76: 28529 | BI76: 24899 | BJ76: 21612 | BK76: 18862 | BL76: 83731
B77: 2020 | C77: 158718 | D77: 151817 | E77: 145128 | F77: 138974 | G77: 133124 | H77: 126868 | I77: 120334 | J77: 113831 | K77: 107313 | L77: 100851 | M77: 94257 | N77: 87614 | O77: 81097 | P77: 74678 | Q77: 68463 | R77: 62262 | S77: 56059 | T77: 50606 | U77: 46071 | V77: 42172 | W77: 38286 | X77: 34530 | Y77: 30918 | Z77: 27317 | AA77: 23861 | AB77: 20607 | AC77: 17539 | AD77: 14868 | AE77: 12597 | AF77: 10649 | AG77: 40466 | AH77: 177993 | AI77: 171116 | AJ77: 164468 | AK77: 158432 | AL77: 152745 | AM77: 146578 | AN77: 140120 | AO77: 133581 | AP77: 126923 | AQ77: 120226 | AR77: 113454 | AS77: 106672 | AT77: 99954 | AU77: 93283 | AV77: 86770 | AW77: 80224 | AX77: 73625 | AY77: 67799 | AZ77: 62977 | BA77: 58855 | BB77: 54566 | BC77: 50255 | BD77: 46073 | BE77: 41895 | BF77: 37829 | BG77: 33786 | BH77: 29762 | BI77: 26093 | BJ77: 22773 | BK77: 19767 | BL77: 89671
B78: 2021 | C78: 163399 | D78: 156636 | E78: 149824 | F78: 143226 | G78: 137150 | H78: 130919 | I78: 124315 | J78: 117914 | K78: 111542 | L78: 105156 | M78: 98266 | N78: 91300 | O78: 84867 | P78: 78552 | Q78: 72337 | R78: 65742 | S78: 59240 | T78: 53336 | U78: 48148 | V78: 43834 | W78: 39638 | X78: 35518 | Y78: 32032 | Z78: 28684 | AA78: 25340 | AB78: 21745 | AC78: 18415 | AD78: 15676 | AE78: 13286 | AF78: 11258 | AG78: 43202 | AH78: 183308 | AI78: 176713 | AJ78: 169888 | AK78: 163287 | AL78: 157293 | AM78: 151297 | AN78: 144839 | AO78: 138460 | AP78: 131998 | AQ78: 125418 | AR78: 118386 | AS78: 111317 | AT78: 104660 | AU78: 98069 | AV78: 91526 | AW78: 84605 | AX78: 77715 | AY78: 71322 | AZ78: 65678 | BA78: 61007 | BB78: 56441 | BC78: 51770 | BD78: 47679 | BE78: 43711 | BF78: 39750 | BG78: 35299 | BH78: 30957 | BI78: 27271 | BJ78: 23907 | BK78: 20866 | BL78: 95745
B79: 2022 | C79: 168091 | D79: 161290 | E79: 154616 | F79: 147890 | G79: 141378 | H79: 134915 | I79: 128329 | J79: 121855 | K79: 115582 | L79: 109338 | M79: 102502 | N79: 95229 | O79: 88478 | P79: 82244 | Q79: 76125 | R79: 69503 | S79: 62597 | T79: 56404 | U79: 50782 | V79: 45843 | W79: 41234 | X79: 36806 | Y79: 32981 | Z79: 29744 | AA79: 26634 | AB79: 23120 | AC79: 19457 | AD79: 16478 | AE79: 14027 | AF79: 11888 | AG79: 46061 | AH79: 188581 | AI79: 182017 | AJ79: 175467 | AK79: 168691 | AL79: 162136 | AM79: 155827 | AN79: 149538 | AO79: 143155 | AP79: 136848 | AQ79: 130463 | AR79: 123533 | AS79: 116193 | AT79: 109255 | AU79: 102721 | AV79: 96252 | AW79: 89284 | AX79: 82006 | AY79: 75326 | AZ79: 69131 | BA79: 63659 | BB79: 58550 | BC79: 53598 | BD79: 49166 | BE79: 45280 | BF79: 41512 | BG79: 37142 | BH79: 32398 | BI79: 28414 | BJ79: 25029 | BK79: 21941 | BL79: 102118
... B81: 2024 | C81: 173678 | D81: 169532 | E81: 163884 | F81: 157255 | G81: 150745 | H81: 143709 | I81: 136444 | J81: 129756 | K81: 123420 | L81: 117197 | M81: 110557 | N81: 103417 | O81: 96397 | P81: 89556 | Q81: 83205 | R81: 76702 | S81: 69776 | T81: 63139 | U81: 56861 | V81: 51235 | W81: 45586 | X81: 40147 | Y81: 35649 | Z81: 31822 | AA81: 28515 | AB81: 25272 | AC81: 21818 | AD81: 18577 | AE81: 15635 | AF81: 13241 | AG81: 52182 | AH81: 194430 | AI81: 191182 | AJ81: 186001 | AK81: 179529 | AL81: 173065 | AM81: 166018 | AN81: 158850 | AO81: 152318 | AP81: 146170 | AQ81: 139933 | AR81: 133319 | AS81: 126231 | AT81: 119108 | AU81: 112030 | AV81: 105343 | AW81: 98458 | AX81: 91145 | AY81: 84017 | AZ81: 77169 | BA81: 70881 | BB81: 64433 | BC81: 58165 | BD81: 52950 | BE81: 48470 | BF81: 44467 | BG81: 40314 | BH81: 35756 | BI81: 31442 | BJ81: 27424 | BK81: 24051 | BL81: 115572
A82: Centro-Oeste | B82: 2010 | C82: 45988 | D82: 43334 | E82: 40795 | F82: 38392 | G82: 36117 | H82: 33911 | I82: 31751 | J82: 29807 | K82: 28149 | L82: 26681 | M82: 25267 | N82: 23963 | O82: 22497 | P82: 20728 | Q82: 18795 | R82: 16962 | S82: 15169 | T82: 13551 | U82: 12200 | V82: 11042 | W82: 9903 | X82: 8811 | Y82: 7790 | Z82: 6832 | AA82: 5928 | AB82: 5074 | AC82: 4259 | AD82: 3478 | AE82: 2722 | AF82: 1984 | AG82: 9157 | AH82: 48732 | AI82: 45943 | AJ82: 43258 | AK82: 40691 | AL82: 38245 | AM82: 35876 | AN82: 33555 | AO82: 31477 | AP82: 29726 | AQ82: 28195 | AR82: 26721 | AS82: 25358 | AT82: 23872 | AU82: 22132 | AV82: 20256 | AW82: 18482 | AX82: 16756 | AY82: 15175 | AZ82: 13813 | BA82: 12606 | BB82: 11423 | BC82: 10283 | BD82: 9205 | BE82: 8183 | BF82: 7210 | BG82: 6278 | BH82: 5382 | BI82: 4518 | BJ82: 3674 | BK82: 2847 | BL82: 13266
B83: 2011 | C83: 48069 | D83: 45237 | E83: 42626 | F83: 40132 | G83: 37773 | H83: 35390 | I83: 33087 | J83: 30983 | K83: 29086 | L83: 27471 | M83: 25863 | N83: 24315 | O83: 23063 | P83: 21654 | Q83: 19953 | R83: 17906 | S83: 15987 | T83: 14297 | U83: 12775 | V83: 11504 | W83: 10277 | X83: 9087 | Y83: 8087 | Z83: 7152 | AA83: 6274 | AB83: 5333 | AC83: 4462 | AD83: 3746 | AE83: 3062 | AF83: 2400 | AG83: 9212 | AH83: 51258 | AI83: 48341 | AJ83: 45580 | AK83: 42923 | AL83: 40383 | AM83: 37806 | AN83: 35318 | AO83: 33037 | AP83: 30994 | AQ83: 29273 | AR83: 27632 | AS83: 26057 | AT83: 24731 | AU83: 23286 | AV83: 21591 | AW83: 19606 | AX83: 17738 | AY83: 16087 | AZ83: 14574 | BA83: 13269 | BB83: 11946 | BC83: 10665 | BD83: 9602 | BE83: 8599 | BF83: 7648 | BG83: 6598 | BH83: 5607 | BI83: 4811 | BJ83: 4039 | BK83: 3285 | BL83: 13475
B84: 2012 | C84: 50315 | D84: 47290 | E84: 44508 | F84: 41939 | G84: 39490 | H84: 37021 | I84: 34540 | J84: 32294 | K84: 30243 | L84: 28393 | M84: 26635 | N84: 24899 | O84: 23411 | P84: 22208 | Q84: 20853 | R84: 19019 | S84: 16885 | T84: 15077 | U84: 13485 | V84: 12053 | W84: 10713 | X84: 9437 | Y84: 8347 | Z84: 7430 | AA84: 6573 | AB84: 5649 | AC84: 4693 | AD84: 3929 | AE84: 3301 | AF84: 2699 | AG84: 9623 | AH84: 53903 | AI84: 50848 | AJ84: 47960 | AK84: 45228 | AL84: 42598 | AM84: 39924 | AN84: 37225 | AO84: 34778 | AP84: 32538 | AQ84: 30527 | AR84: 28695 | AS84: 26954 | AT84: 25423 | AU84: 24131 | AV84: 22724 | AW84: 20904 | AX84: 18829 | AY84: 17038 | AZ84: 15455 | BA84: 14009 | BB84: 12581 | BC84: 11166 | BD84: 9969 | BE84: 8978 | BF84: 8043 | BG84: 7008 | BH84: 5905 | BI84: 5020 | BJ84: 4310 | BK84: 3618 | BL84: 14058
B85: 2013 | C85: 52563 | D85: 49507 | E85: 46534 | F85: 43800 | G85: 41276 | H85: 38710 | I85: 36142 | J85: 33719 | K85: 31530 | L85: 29529 | M85: 27537 | N85: 25655 | O85: 23981 | P85: 22552 | Q85: 21396 | R85: 19884 | S85: 17946 | T85: 15932 | U85: 14229 | V85: 12731 | W85: 11230 | X85: 9843 | Y85: 8674 | Z85: 7675 | AA85: 6832 | AB85: 5923 | AC85: 4978 | AD85: 4135 | AE85: 3465 | AF85: 2912 | AG85: 10225 | AH85: 56551 | AI85: 53473 | AJ85: 50451 | AK85: 47590 | AL85: 44884 | AM85: 42118 | AN85: 39317 | AO85: 36663 | AP85: 34257 | AQ85: 32056 | AR85: 29931 | AS85: 28001 | AT85: 26305 | AU85: 24814 | AV85: 23557 | AW85: 22010 | AX85: 20085 | AY85: 18094 | AZ85: 16378 | BA85: 14861 | BB85: 13294 | BC85: 11768 | BD85: 10447 | BE85: 9330 | BF85: 8406 | BG85: 7379 | BH85: 6284 | BI85: 5296 | BJ85: 4505 | BK85: 3867 | BL85: 14862
B86: 2014 | C86: 54796 | D86: 51729 | E86: 48722 | F86: 45799 | G86: 43113 | H86: 40468 | I86: 37801 | J86: 35293 | K86: 32929 | L86: 30795 | M86: 28647 | N86: 26533 | O86: 24719 | P86: 23110 | Q86: 21735 | R86: 20412 | S86: 18772 | T86: 16942 | U86: 15045 | V86: 13440 | W86: 11867 | X86: 10327 | Y86: 9054 | Z86: 7979 | AA86: 7063 | AB86: 6161 | AC86: 5225 | AD86: 4391 | AE86: 3649 | AF86: 3063 | AG86: 10905 | AH86: 59181 | AI86: 56101 | AJ86: 53057 | AK86: 50061 | AL86: 47230 | AM86: 44382 | AN86: 41486 | AO86: 38730 | AP86: 36121 | AQ86: 33753 | AR86: 31440 | AS86: 29213 | AT86: 27336 | AU86: 25683 | AV86: 24231 | AW86: 22826 | AX86: 21158 | AY86: 19311 | AZ86: 17401 | BA86: 15755 | BB86: 14111 | BC86: 12448 | BD86: 11020 | BE86: 9787 | BF86: 8743 | BG86: 7721 | BH86: 6627 | BI86: 5645 | BJ86: 4761 | BK86: 4048 | BL86: 15779
B87: 2015 | C87: 57014 | D87: 53935 | E87: 50919 | F87: 47959 | G87: 45086 | H87: 42279 | I87: 39527 | J87: 36921 | K87: 34474 | L87: 32168 | M87: 29886 | N87: 27610 | O87: 25577 | P87: 23829 | Q87: 22280 | R87: 20746 | S87: 19280 | T87: 17732 | U87: 16007 | V87: 14216 | W87: 12538 | X87: 10918 | Y87: 9505 | Z87: 8336 | AA87: 7347 | AB87: 6375 | AC87: 5438 | AD87: 4614 | AE87: 3879 | AF87: 3227 | AG87: 11604 | AH87: 61807 | AI87: 58714 | AJ87: 55662 | AK87: 52650 | AL87: 49683 | AM87: 46705 | AN87: 43724 | AO87: 40876 | AP87: 38162 | AQ87: 35595 | AR87: 33112 | AS87: 30698 | AT87: 28523 | AU87: 26698 | AV87: 25086 | AW87: 23489 | AX87: 21955 | AY87: 20352 | AZ87: 18580 | BA87: 16746 | BB87: 14971 | BC87: 13223 | BD87: 11668 | BE87: 10332 | BF87: 9180 | BG87: 8040 | BH87: 6945 | BI87: 5963 | BJ87: 5082 | BK87: 4286 | BL87: 16731
B88: 2016 | C88: 59364 | D88: 56127 | E88: 53097 | F88: 50130 | G88: 47220 | H88: 44220 | I88: 41305 | J88: 38617 | K88: 36073 | L88: 33685 | M88: 31228 | N88: 28816 | O88: 26623 | P88: 24665 | Q88: 22981 | R88: 21275 | S88: 19606 | T88: 18223 | U88: 16759 | V88: 15135 | W88: 13267 | X88: 11546 | Y88: 10055 | Z88: 8755 | AA88: 7680 | AB88: 6635 | AC88: 5635 | AD88: 4805 | AE88: 4083 | AF88: 3429 | AG88: 12330 | AH88: 64524 | AI88: 61322 | AJ88: 58260 | AK88: 55236 | AL88: 52253 | AM88: 49134 | AN88: 46020 | AO88: 43087 | AP88: 40285 | AQ88: 37613 | AR88: 34924 | AS88: 32339 | AT88: 29984 | AU88: 27864 | AV88: 26086 | AW88: 24326 | AX88: 22604 | AY88: 21130 | AZ88: 19589 | BA88: 17888 | BB88: 15922 | BC88: 14044 | BD88: 12405 | BE88: 10948 | BF88: 9699 | BG88: 8450 | BH88: 7245 | BI88: 6259 | BJ88: 5375 | BK88: 4583 | BL88: 17765
B89: 2017 | C89: 61824 | D89: 58448 | E89: 55264 | F89: 52284 | G89: 49363 | H89: 46323 | I89: 43211 | J89: 40363 | K89: 37739 | L89: 35256 | M89: 32708 | N89: 30121 | O89: 27795 | P89: 25682 | Q89: 23794 | R89: 21956 | S89: 20117 | T89: 18539 | U89: 17233 | V89: 15852 | W89: 14136 | X89: 12223 | Y89: 10639 | Z89: 9268 | AA89: 8070 | AB89: 6942 | AC89: 5870 | AD89: 4984 | AE89: 4253 | AF89: 3616 | AG89: 13110 | AH89: 67313 | AI89: 64020 | AJ89: 60851 | AK89: 57814 | AL89: 54821 | AM89: 51682 | AN89: 48421 | AO89: 45356 | AP89: 42470 | AQ89: 39710 | AR89: 36914 | AS89: 34117 | AT89: 31596 | AU89: 29299 | AV89: 27228 | AW89: 25308 | AX89: 23420 | AY89: 21764 | AZ89: 20350 | BA89: 18868 | BB89: 17019 | BC89: 14948 | BD89: 13185 | BE89: 11651 | BF89: 10285 | BG89: 8938 | BH89: 7624 | BI89: 6539 | BJ89: 5650 | BK89: 4852 | BL89: 18926
B90: 2018 | C90: 64367 | D90: 60878 | E90: 57558 | F90: 54424 | G90: 51493 | H90: 48433 | I90: 45276 | J90: 42235 | K90: 39454 | L90: 36892 | M90: 34244 | N90: 31558 | O90: 29064 | P90: 26822 | Q90: 24784 | R90: 22741 | S90: 20769 | T90: 19033 | U90: 17542 | V90: 16309 | W90: 14812 | X90: 13032 | Y90: 11270 | Z90: 9813 | AA90: 8547 | AB90: 7300 | AC90: 6146 | AD90: 5198 | AE90: 4414 | AF90: 3769 | AG90: 13925 | AH90: 70207 | AI90: 66792 | AJ90: 63529 | AK90: 60388 | AL90: 57381 | AM90: 54226 | AN90: 50942 | AO90: 47729 | AP90: 44714 | AQ90: 41871 | AR90: 38979 | AS90: 36070 | AT90: 33341 | AU90: 30882 | AV90: 28639 | AW90: 26423 | AX90: 24377 | AY90: 22559 | AZ90: 20972 | BA90: 19609 | BB90: 17962 | BC90: 15991 | BD90: 14047 | BE90: 12392 | BF90: 10953 | BG90: 9489 | BH90: 8076 | BI90: 6890 | BJ90: 5913 | BK90: 5109 | BL90: 20165
B91: 2019 | C91: 67054 | D91: 63392 | E91: 59958 | F91: 56692 | G91: 53607 | H91: 50532 | I91: 47348 | J91: 44264 | K91: 41292 | L91: 38576 | M91: 35842 | N91: 33052 | O91: 30460 | P91: 28056 | Q91: 25893 | R91: 23695 | S91: 21525 | T91: 19659 | U91: 18016 | V91: 16610 | W91: 15247 | X91: 13663 | Y91: 12024 | Z91: 10400 | AA91: 9056 | AB91: 7736 | AC91: 6469 | AD91: 5446 | AE91: 4609 | AF91: 3915 | AG91: 14737 | AH91: 73314 | AI91: 69665 | AJ91: 66283 | AK91: 63048 | AL91: 59938 | AM91: 56763 | AN91: 53458 | AO91: 50224 | AP91: 47058 | AQ91: 44091 | AR91: 41107 | AS91: 38097 | AT91: 35258 | AU91: 32595 | AV91: 30193 | AW91: 27804 | AX91: 25461 | AY91: 23492 | AZ91: 21745 | BA91: 20219 | BB91: 18680 | BC91: 16889 | BD91: 15039 | BE91: 13215 | BF91: 11659 | BG91: 10115 | BH91: 8586 | BI91: 7308 | BJ91: 6236 | BK91: 5355 | BL91: 21467
B92: 2020 | C92: 69813 | D92: 66047 | E92: 62444 | F92: 59062 | G92: 55848 | H92: 52616 | I92: 49411 | J92: 46298 | K92: 43286 | L92: 40382 | M92: 37487 | N92: 34606 | O92: 31912 | P92: 29413 | Q92: 27092 | R92: 24766 | S92: 22438 | T92: 20383 | U92: 18618 | V92: 17066 | W92: 15538 | X92: 14073 | Y92: 12612 | Z92: 11104 | AA92: 9603 | AB92: 8202 | AC92: 6860 | AD92: 5737 | AE92: 4832 | AF92: 4091 | AG92: 15545 | AH92: 76487 | AI92: 72752 | AJ92: 69136 | AK92: 65785 | AL92: 62578 | AM92: 59300 | AN92: 55967 | AO92: 52711 | AP92: 49527 | AQ92: 46407 | AR92: 43297 | AS92: 40186 | AT92: 37247 | AU92: 34476 | AV92: 31876 | AW92: 29321 | AX92: 26805 | AY92: 24547 | AZ92: 22654 | BA92: 20972 | BB92: 19272 | BC92: 17578 | BD92: 15897 | BE92: 14156 | BF92: 12444 | BG92: 10778 | BH92: 9166 | BI92: 7779 | BJ92: 6624 | BK92: 5653 | BL92: 22814
B93: 2021 | C93: 72591 | D93: 68777 | E93: 65066 | F93: 61521 | G93: 58190 | H93: 54825 | I93: 51459 | J93: 48325 | K93: 45285 | L93: 42340 | M93: 39253 | N93: 36206 | O93: 33422 | P93: 30824 | Q93: 28411 | R93: 25923 | S93: 23462 | T93: 21259 | U93: 19313 | V93: 17643 | W93: 15971 | X93: 14351 | Y93: 13000 | Z93: 11651 | AA93: 10259 | AB93: 8704 | AC93: 7278 | AD93: 6089 | AE93: 5094 | AF93: 4291 | AG93: 16377 | AH93: 79682 | AI93: 75905 | AJ93: 72202 | AK93: 68619 | AL93: 65296 | AM93: 61917 | AN93: 58479 | AO93: 55193 | AP93: 51988 | AQ93: 48847 | AR93: 45578 | AS93: 42338 | AT93: 39299 | AU93: 36428 | AV93: 33724 | AW93: 30964 | AX93: 28278 | AY93: 25855 | AZ93: 23679 | BA93: 21858 | BB93: 20000 | BC93: 18151 | BD93: 16558 | BE93: 14976 | BF93: 13339 | BG93: 11515 | BH93: 9777 | BI93: 8317 | BJ93: 7059 | BK93: 6014 | BL93: 24246
B94: 2022 | C94: 75435 | D94: 71522 | E94: 67767 | F94: 64111 | G94: 60620 | H94: 57134 | I94: 53629 | J94: 50338 | K94: 47277 | L94: 44304 | M94: 41168 | N94: 37921 | O94: 34980 | P94: 32292 | Q94: 29781 | R94: 27196 | S94: 24570 | T94: 22238 | U94: 20152 | V94: 18309 | W94: 16521 | X94: 14760 | Y94: 13262 | Z94: 12017 | AA94: 10771 | AB94: 9304 | AC94: 7729 | AD94: 6465 | AE94: 5410 | AF94: 4529 | AG94: 17247 | AH94: 82919 | AI94: 79081 | AJ94: 75335 | AK94: 71665 | AL94: 68112 | AM94: 64611 | AN94: 61066 | AO94: 57681 | AP94: 54443 | AQ94: 51284 | AR94: 47981 | AS94: 44578 | AT94: 41413 | AU94: 38443 | AV94: 35640 | AW94: 32770 | AX94: 29875 | AY94: 27285 | AZ94: 24951 | BA94: 22856 | BB94: 20854 | BC94: 18852 | BD94: 17110 | BE94: 15609 | BF94: 14122 | BG94: 12357 | BH94: 10459 | BI94: 8882 | BJ94: 7558 | BK94: 6413 | BL94: 25811
... B96: 2024 | C96: 80602 | D96: 77005 | E96: 73263 | F96: 69463 | G96: 65821 | H96: 62054 | I96: 58255 | J96: 54702 | K96: 51350 | L96: 48205 | M96: 45001 | N96: 41650 | O96: 38458 | P96: 35428 | Q96: 32683 | R96: 29897 | S96: 27051 | T96: 24463 | U96: 22106 | V96: 20010 | W96: 17914 | X96: 15869 | Y96: 14130 | Z96: 12630 | AA96: 11352 | AB96: 10097 | AC96: 8692 | AD96: 7353 | AE96: 6114 | AF96: 5115 | AG96: 19216 | AH96: 88559 | AI96: 85280 | AJ96: 81686 | AK96: 77912 | AL96: 74231 | AM96: 70403 | AN96: 66499 | AO96: 62882 | AP96: 59435 | AQ96: 56148 | AR96: 52779 | AS96: 49300 | AT96: 45936 | AU96: 42677 | AV96: 39659 | AW96: 36573 | AX96: 33447 | AY96: 30543 | AZ96: 27850 | BA96: 25443 | BB96: 23007 | BC96: 20596 | BD96: 18567 | BE96: 16789 | BF96: 15239 | BG96: 13669 | BH96: 11923 | BI96: 10235 | BJ96: 8664 | BK96: 7359 | BL96: 29419
A97: Fonte: IBGE - Projeção da População
A99: POPULAÇÃO DE HOMENS E MULHERES COM MAIS DE 60 ANOS NO BRASIL ENTRE 2010 - 2024
A100: Ano | B100: Homens_60mais | D100: Mulheres_60mais
A101: 2010 | B101: =SUM(C7:AG7) -> 9279369 | D101: =SUM(AH7:BL7) -> 11588556
A102: 2011 | B102: =SUM(C8:AG8) -> 9602961 | D102: =SUM(AH8:BL8) -> 12017352
A103: 2012 | B103: =SUM(C9:AG9) -> 9944264 | D103: =SUM(AH9:BL9) -> 12469716
A104: 2013 | B104: =SUM(C10:AG10) -> 10303118 | D104: =SUM(AH10:BL10) -> 12944842
A105: 2014 | B105: =SUM(C11:AG11) -> 10680220 | D105: =SUM(AH11:BL11) -> 13442612
A106: 2015 | B106: =SUM(C12:AG12) -> 11075673 | D106: =SUM(AH12:BL12) -> 13962679
A107: 2016 | B107: =SUM(C13:AG13) -> 11489609 | D107: =SUM(AH13:BL13) -> 14504840
...
